Copyright 1986-2022 Xilinx, Inc. All Rights Reserved. Copyright 2022-2025 Advanced Micro Devices, Inc. All Rights Reserved.
------------------------------------------------------------------------------------------------------------------------------------------------------------------------------------------------------------------------------------------------
| Tool Version : Vivado v.2025.1 (win64) Build 6140274 Thu May 22 00:12:29 MDT 2025
| Date         : Tue Jun 30 10:36:55 2026
| Host         : CML-09 running 64-bit major release  (build 9200)
| Command      : report_timing_summary -max_paths 10 -routable_nets -report_unconstrained -file bd_0_wrapper_timing_summary_routed.rpt -pb bd_0_wrapper_timing_summary_routed.pb -rpx bd_0_wrapper_timing_summary_routed.rpx -warn_on_violation
| Design       : bd_0_wrapper
| Device       : 7z020-clg484
| Speed File   : -1  PRODUCTION 1.12 2019-11-22
| Design State : Routed
------------------------------------------------------------------------------------------------------------------------------------------------------------------------------------------------------------------------------------------------

Timing Summary Report

------------------------------------------------------------------------------------------------
| Timer Settings
| --------------
------------------------------------------------------------------------------------------------

  Enable Multi Corner Analysis               :  Yes
  Enable Pessimism Removal                   :  Yes
  Pessimism Removal Resolution               :  Nearest Common Node
  Enable Input Delay Default Clock           :  No
  Enable Preset / Clear Arcs                 :  No
  Disable Flight Delays                      :  No
  Ignore I/O Paths                           :  No
  Timing Early Launch at Borrowing Latches   :  No
  Borrow Time for Max Delay Exceptions       :  Yes
  Merge Timing Exceptions                    :  Yes
  Inter-SLR Compensation                     :  Conservative

  Corner  Analyze    Analyze    
  Name    Max Paths  Min Paths  
  ------  ---------  ---------  
  Slow    Yes        Yes        
  Fast    Yes        Yes        


------------------------------------------------------------------------------------------------
| Report Methodology
| ------------------
------------------------------------------------------------------------------------------------

Rule       Severity  Description                    Violations  
---------  --------  -----------------------------  ----------  
TIMING-18  Warning   Missing input or output delay  92          

Note: This report is based on the most recent report_methodology run and may not be up-to-date. Run report_methodology on the current design for the latest report.



check_timing report

Table of Contents
-----------------
1. checking no_clock (0)
2. checking constant_clock (0)
3. checking pulse_width_clock (0)
4. checking unconstrained_internal_endpoints (0)
5. checking no_input_delay (52)
6. checking no_output_delay (38)
7. checking multiple_clock (0)
8. checking generated_clocks (0)
9. checking loops (0)
10. checking partial_input_delay (0)
11. checking partial_output_delay (0)
12. checking latch_loops (0)

1. checking no_clock (0)
------------------------
 There are 0 register/latch pins with no clock.


2. checking constant_clock (0)
------------------------------
 There are 0 register/latch pins with constant_clock.


3. checking pulse_width_clock (0)
---------------------------------
 There are 0 register/latch pins which need pulse_width check


4. checking unconstrained_internal_endpoints (0)
------------------------------------------------
 There are 0 pins that are not constrained for maximum delay.

 There are 0 pins that are not constrained for maximum delay due to constant clock.


5. checking no_input_delay (52)
-------------------------------
 There are 52 input ports with no input delay specified. (HIGH)

 There are 0 input ports with no input delay but user has a false path constraint.


6. checking no_output_delay (38)
--------------------------------
 There are 38 ports with no output delay specified. (HIGH)

 There are 0 ports with no output delay but user has a false path constraint

 There are 0 ports with no output delay but with a timing clock defined on it or propagating through it


7. checking multiple_clock (0)
------------------------------
 There are 0 register/latch pins with multiple clocks.


8. checking generated_clocks (0)
--------------------------------
 There are 0 generated clocks that are not connected to a clock source.


9. checking loops (0)
---------------------
 There are 0 combinational loops in the design.


10. checking partial_input_delay (0)
------------------------------------
 There are 0 input ports with partial input delay specified.


11. checking partial_output_delay (0)
-------------------------------------
 There are 0 ports with partial output delay specified.


12. checking latch_loops (0)
----------------------------
 There are 0 combinational latch loops in the design through latch input



------------------------------------------------------------------------------------------------
| Design Timing Summary
| ---------------------
------------------------------------------------------------------------------------------------

    WNS(ns)      TNS(ns)  TNS Failing Endpoints  TNS Total Endpoints      WHS(ns)      THS(ns)  THS Failing Endpoints  THS Total Endpoints     WPWS(ns)     TPWS(ns)  TPWS Failing Endpoints  TPWS Total Endpoints  
    -------      -------  ---------------------  -------------------      -------      -------  ---------------------  -------------------     --------     --------  ----------------------  --------------------  
      4.308        0.000                      0                  678        0.145        0.000                      0                  678        4.500        0.000                       0                   270  


All user specified timing constraints are met.


------------------------------------------------------------------------------------------------
| Clock Summary
| -------------
------------------------------------------------------------------------------------------------

Clock   Waveform(ns)       Period(ns)      Frequency(MHz)
-----   ------------       ----------      --------------
ap_clk  {0.000 5.000}      10.000          100.000         


------------------------------------------------------------------------------------------------
| Intra Clock Table
| -----------------
------------------------------------------------------------------------------------------------

Clock             WNS(ns)      TNS(ns)  TNS Failing Endpoints  TNS Total Endpoints      WHS(ns)      THS(ns)  THS Failing Endpoints  THS Total Endpoints     WPWS(ns)     TPWS(ns)  TPWS Failing Endpoints  TPWS Total Endpoints  
-----             -------      -------  ---------------------  -------------------      -------      -------  ---------------------  -------------------     --------     --------  ----------------------  --------------------  
ap_clk              4.308        0.000                      0                  678        0.145        0.000                      0                  678        4.500        0.000                       0                   270  


------------------------------------------------------------------------------------------------
| Inter Clock Table
| -----------------
------------------------------------------------------------------------------------------------

From Clock    To Clock          WNS(ns)      TNS(ns)  TNS Failing Endpoints  TNS Total Endpoints      WHS(ns)      THS(ns)  THS Failing Endpoints  THS Total Endpoints  
----------    --------          -------      -------  ---------------------  -------------------      -------      -------  ---------------------  -------------------  


------------------------------------------------------------------------------------------------
| Other Path Groups Table
| -----------------------
------------------------------------------------------------------------------------------------

Path Group    From Clock    To Clock          WNS(ns)      TNS(ns)  TNS Failing Endpoints  TNS Total Endpoints      WHS(ns)      THS(ns)  THS Failing Endpoints  THS Total Endpoints  
----------    ----------    --------          -------      -------  ---------------------  -------------------      -------      -------  ---------------------  -------------------  


------------------------------------------------------------------------------------------------
| User Ignored Path Table
| -----------------------
------------------------------------------------------------------------------------------------

Path Group    From Clock    To Clock    
----------    ----------    --------    


------------------------------------------------------------------------------------------------
| Unconstrained Path Table
| ------------------------
------------------------------------------------------------------------------------------------

Path Group    From Clock    To Clock    
----------    ----------    --------    
(none)        ap_clk                      
(none)                      ap_clk        


------------------------------------------------------------------------------------------------
| Timing Details
| --------------
------------------------------------------------------------------------------------------------


---------------------------------------------------------------------------------------------------
From Clock:  ap_clk
  To Clock:  ap_clk

Setup :            0  Failing Endpoints,  Worst Slack        4.308ns,  Total Violation        0.000ns
Hold  :            0  Failing Endpoints,  Worst Slack        0.145ns,  Total Violation        0.000ns
PW    :            0  Failing Endpoints,  Worst Slack        4.500ns,  Total Violation        0.000ns
---------------------------------------------------------------------------------------------------


Max Delay Paths
--------------------------------------------------------------------------------------
Slack (MET) :             4.308ns  (required time - arrival time)
  Source:                 bd_0_i/hls_inst/inst/mul_32s_32s_32_2_1_U1/tmp_product__0/CLK
                            (rising edge-triggered cell DSP48E1 clocked by ap_clk  {rise@0.000ns fall@5.000ns period=10.000ns})
  Destination:            bd_0_i/hls_inst/inst/mul_32s_32s_32_2_1_U1/buff0_reg/PCIN[0]
                            (rising edge-triggered cell DSP48E1 clocked by ap_clk  {rise@0.000ns fall@5.000ns period=10.000ns})
  Path Group:             ap_clk
  Path Type:              Setup (Max at Slow Process Corner)
  Requirement:            10.000ns  (ap_clk rise@10.000ns - ap_clk rise@0.000ns)
  Data Path Delay:        4.208ns  (logic 4.206ns (99.952%)  route 0.002ns (0.048%))
  Logic Levels:           0  
  Clock Path Skew:        -0.049ns (DCD - SCD + CPR)
    Destination Clock Delay (DCD):    0.924ns = ( 10.924 - 10.000 ) 
    Source Clock Delay      (SCD):    0.973ns
    Clock Pessimism Removal (CPR):    0.000ns
  Clock Uncertainty:      0.035ns  ((TSJ^2 + TIJ^2)^1/2 + DJ) / 2 + PE
    Total System Jitter     (TSJ):    0.071ns
    Total Input Jitter      (TIJ):    0.000ns
    Discrete Jitter          (DJ):    0.000ns
    Phase Error              (PE):    0.000ns

    Location             Delay type                Incr(ns)  Path(ns)    Netlist Resource(s)
  -------------------------------------------------------------------    -------------------
                         (clock ap_clk rise edge)     0.000     0.000 r  
                                                      0.000     0.000 r  ap_clk (IN)
                         net (fo=270, unset)          0.973     0.973    bd_0_i/hls_inst/inst/mul_32s_32s_32_2_1_U1/ap_clk
    DSP48_X2Y30          DSP48E1                                      r  bd_0_i/hls_inst/inst/mul_32s_32s_32_2_1_U1/tmp_product__0/CLK
  -------------------------------------------------------------------    -------------------
    DSP48_X2Y30          DSP48E1 (Prop_dsp48e1_CLK_PCOUT[0])
                                                      4.206     5.179 r  bd_0_i/hls_inst/inst/mul_32s_32s_32_2_1_U1/tmp_product__0/PCOUT[0]
                         net (fo=1, routed)           0.002     5.181    bd_0_i/hls_inst/inst/mul_32s_32s_32_2_1_U1/tmp_product__0_n_153
    DSP48_X2Y31          DSP48E1                                      r  bd_0_i/hls_inst/inst/mul_32s_32s_32_2_1_U1/buff0_reg/PCIN[0]
  -------------------------------------------------------------------    -------------------

                         (clock ap_clk rise edge)    10.000    10.000 r  
                                                      0.000    10.000 r  ap_clk (IN)
                         net (fo=270, unset)          0.924    10.924    bd_0_i/hls_inst/inst/mul_32s_32s_32_2_1_U1/ap_clk
    DSP48_X2Y31          DSP48E1                                      r  bd_0_i/hls_inst/inst/mul_32s_32s_32_2_1_U1/buff0_reg/CLK
                         clock pessimism              0.000    10.924    
                         clock uncertainty           -0.035    10.889    
    DSP48_X2Y31          DSP48E1 (Setup_dsp48e1_CLK_PCIN[0])
                                                     -1.400     9.489    bd_0_i/hls_inst/inst/mul_32s_32s_32_2_1_U1/buff0_reg
  -------------------------------------------------------------------
                         required time                          9.489    
                         arrival time                          -5.181    
  -------------------------------------------------------------------
                         slack                                  4.308    

Slack (MET) :             4.308ns  (required time - arrival time)
  Source:                 bd_0_i/hls_inst/inst/mul_32s_32s_32_2_1_U1/tmp_product__0/CLK
                            (rising edge-triggered cell DSP48E1 clocked by ap_clk  {rise@0.000ns fall@5.000ns period=10.000ns})
  Destination:            bd_0_i/hls_inst/inst/mul_32s_32s_32_2_1_U1/buff0_reg/PCIN[10]
                            (rising edge-triggered cell DSP48E1 clocked by ap_clk  {rise@0.000ns fall@5.000ns period=10.000ns})
  Path Group:             ap_clk
  Path Type:              Setup (Max at Slow Process Corner)
  Requirement:            10.000ns  (ap_clk rise@10.000ns - ap_clk rise@0.000ns)
  Data Path Delay:        4.208ns  (logic 4.206ns (99.952%)  route 0.002ns (0.048%))
  Logic Levels:           0  
  Clock Path Skew:        -0.049ns (DCD - SCD + CPR)
    Destination Clock Delay (DCD):    0.924ns = ( 10.924 - 10.000 ) 
    Source Clock Delay      (SCD):    0.973ns
    Clock Pessimism Removal (CPR):    0.000ns
  Clock Uncertainty:      0.035ns  ((TSJ^2 + TIJ^2)^1/2 + DJ) / 2 + PE
    Total System Jitter     (TSJ):    0.071ns
    Total Input Jitter      (TIJ):    0.000ns
    Discrete Jitter          (DJ):    0.000ns
    Phase Error              (PE):    0.000ns

    Location             Delay type                Incr(ns)  Path(ns)    Netlist Resource(s)
  -------------------------------------------------------------------    -------------------
                         (clock ap_clk rise edge)     0.000     0.000 r  
                                                      0.000     0.000 r  ap_clk (IN)
                         net (fo=270, unset)          0.973     0.973    bd_0_i/hls_inst/inst/mul_32s_32s_32_2_1_U1/ap_clk
    DSP48_X2Y30          DSP48E1                                      r  bd_0_i/hls_inst/inst/mul_32s_32s_32_2_1_U1/tmp_product__0/CLK
  -------------------------------------------------------------------    -------------------
    DSP48_X2Y30          DSP48E1 (Prop_dsp48e1_CLK_PCOUT[10])
                                                      4.206     5.179 r  bd_0_i/hls_inst/inst/mul_32s_32s_32_2_1_U1/tmp_product__0/PCOUT[10]
                         net (fo=1, routed)           0.002     5.181    bd_0_i/hls_inst/inst/mul_32s_32s_32_2_1_U1/tmp_product__0_n_143
    DSP48_X2Y31          DSP48E1                                      r  bd_0_i/hls_inst/inst/mul_32s_32s_32_2_1_U1/buff0_reg/PCIN[10]
  -------------------------------------------------------------------    -------------------

                         (clock ap_clk rise edge)    10.000    10.000 r  
                                                      0.000    10.000 r  ap_clk (IN)
                         net (fo=270, unset)          0.924    10.924    bd_0_i/hls_inst/inst/mul_32s_32s_32_2_1_U1/ap_clk
    DSP48_X2Y31          DSP48E1                                      r  bd_0_i/hls_inst/inst/mul_32s_32s_32_2_1_U1/buff0_reg/CLK
                         clock pessimism              0.000    10.924    
                         clock uncertainty           -0.035    10.889    
    DSP48_X2Y31          DSP48E1 (Setup_dsp48e1_CLK_PCIN[10])
                                                     -1.400     9.489    bd_0_i/hls_inst/inst/mul_32s_32s_32_2_1_U1/buff0_reg
  -------------------------------------------------------------------
                         required time                          9.489    
                         arrival time                          -5.181    
  -------------------------------------------------------------------
                         slack                                  4.308    

Slack (MET) :             4.308ns  (required time - arrival time)
  Source:                 bd_0_i/hls_inst/inst/mul_32s_32s_32_2_1_U1/tmp_product__0/CLK
                            (rising edge-triggered cell DSP48E1 clocked by ap_clk  {rise@0.000ns fall@5.000ns period=10.000ns})
  Destination:            bd_0_i/hls_inst/inst/mul_32s_32s_32_2_1_U1/buff0_reg/PCIN[11]
                            (rising edge-triggered cell DSP48E1 clocked by ap_clk  {rise@0.000ns fall@5.000ns period=10.000ns})
  Path Group:             ap_clk
  Path Type:              Setup (Max at Slow Process Corner)
  Requirement:            10.000ns  (ap_clk rise@10.000ns - ap_clk rise@0.000ns)
  Data Path Delay:        4.208ns  (logic 4.206ns (99.952%)  route 0.002ns (0.048%))
  Logic Levels:           0  
  Clock Path Skew:        -0.049ns (DCD - SCD + CPR)
    Destination Clock Delay (DCD):    0.924ns = ( 10.924 - 10.000 ) 
    Source Clock Delay      (SCD):    0.973ns
    Clock Pessimism Removal (CPR):    0.000ns
  Clock Uncertainty:      0.035ns  ((TSJ^2 + TIJ^2)^1/2 + DJ) / 2 + PE
    Total System Jitter     (TSJ):    0.071ns
    Total Input Jitter      (TIJ):    0.000ns
    Discrete Jitter          (DJ):    0.000ns
    Phase Error              (PE):    0.000ns

    Location             Delay type                Incr(ns)  Path(ns)    Netlist Resource(s)
  -------------------------------------------------------------------    -------------------
                         (clock ap_clk rise edge)     0.000     0.000 r  
                                                      0.000     0.000 r  ap_clk (IN)
                         net (fo=270, unset)          0.973     0.973    bd_0_i/hls_inst/inst/mul_32s_32s_32_2_1_U1/ap_clk
    DSP48_X2Y30          DSP48E1                                      r  bd_0_i/hls_inst/inst/mul_32s_32s_32_2_1_U1/tmp_product__0/CLK
  -------------------------------------------------------------------    -------------------
    DSP48_X2Y30          DSP48E1 (Prop_dsp48e1_CLK_PCOUT[11])
                                                      4.206     5.179 r  bd_0_i/hls_inst/inst/mul_32s_32s_32_2_1_U1/tmp_product__0/PCOUT[11]
                         net (fo=1, routed)           0.002     5.181    bd_0_i/hls_inst/inst/mul_32s_32s_32_2_1_U1/tmp_product__0_n_142
    DSP48_X2Y31          DSP48E1                                      r  bd_0_i/hls_inst/inst/mul_32s_32s_32_2_1_U1/buff0_reg/PCIN[11]
  -------------------------------------------------------------------    -------------------

                         (clock ap_clk rise edge)    10.000    10.000 r  
                                                      0.000    10.000 r  ap_clk (IN)
                         net (fo=270, unset)          0.924    10.924    bd_0_i/hls_inst/inst/mul_32s_32s_32_2_1_U1/ap_clk
    DSP48_X2Y31          DSP48E1                                      r  bd_0_i/hls_inst/inst/mul_32s_32s_32_2_1_U1/buff0_reg/CLK
                         clock pessimism              0.000    10.924    
                         clock uncertainty           -0.035    10.889    
    DSP48_X2Y31          DSP48E1 (Setup_dsp48e1_CLK_PCIN[11])
                                                     -1.400     9.489    bd_0_i/hls_inst/inst/mul_32s_32s_32_2_1_U1/buff0_reg
  -------------------------------------------------------------------
                         required time                          9.489    
                         arrival time                          -5.181    
  -------------------------------------------------------------------
                         slack                                  4.308    

Slack (MET) :             4.308ns  (required time - arrival time)
  Source:                 bd_0_i/hls_inst/inst/mul_32s_32s_32_2_1_U1/tmp_product__0/CLK
                            (rising edge-triggered cell DSP48E1 clocked by ap_clk  {rise@0.000ns fall@5.000ns period=10.000ns})
  Destination:            bd_0_i/hls_inst/inst/mul_32s_32s_32_2_1_U1/buff0_reg/PCIN[12]
                            (rising edge-triggered cell DSP48E1 clocked by ap_clk  {rise@0.000ns fall@5.000ns period=10.000ns})
  Path Group:             ap_clk
  Path Type:              Setup (Max at Slow Process Corner)
  Requirement:            10.000ns  (ap_clk rise@10.000ns - ap_clk rise@0.000ns)
  Data Path Delay:        4.208ns  (logic 4.206ns (99.952%)  route 0.002ns (0.048%))
  Logic Levels:           0  
  Clock Path Skew:        -0.049ns (DCD - SCD + CPR)
    Destination Clock Delay (DCD):    0.924ns = ( 10.924 - 10.000 ) 
    Source Clock Delay      (SCD):    0.973ns
    Clock Pessimism Removal (CPR):    0.000ns
  Clock Uncertainty:      0.035ns  ((TSJ^2 + TIJ^2)^1/2 + DJ) / 2 + PE
    Total System Jitter     (TSJ):    0.071ns
    Total Input Jitter      (TIJ):    0.000ns
    Discrete Jitter          (DJ):    0.000ns
    Phase Error              (PE):    0.000ns

    Location             Delay type                Incr(ns)  Path(ns)    Netlist Resource(s)
  -------------------------------------------------------------------    -------------------
                         (clock ap_clk rise edge)     0.000     0.000 r  
                                                      0.000     0.000 r  ap_clk (IN)
                         net (fo=270, unset)          0.973     0.973    bd_0_i/hls_inst/inst/mul_32s_32s_32_2_1_U1/ap_clk
    DSP48_X2Y30          DSP48E1                                      r  bd_0_i/hls_inst/inst/mul_32s_32s_32_2_1_U1/tmp_product__0/CLK
  -------------------------------------------------------------------    -------------------
    DSP48_X2Y30          DSP48E1 (Prop_dsp48e1_CLK_PCOUT[12])
                                                      4.206     5.179 r  bd_0_i/hls_inst/inst/mul_32s_32s_32_2_1_U1/tmp_product__0/PCOUT[12]
                         net (fo=1, routed)           0.002     5.181    bd_0_i/hls_inst/inst/mul_32s_32s_32_2_1_U1/tmp_product__0_n_141
    DSP48_X2Y31          DSP48E1                                      r  bd_0_i/hls_inst/inst/mul_32s_32s_32_2_1_U1/buff0_reg/PCIN[12]
  -------------------------------------------------------------------    -------------------

                         (clock ap_clk rise edge)    10.000    10.000 r  
                                                      0.000    10.000 r  ap_clk (IN)
                         net (fo=270, unset)          0.924    10.924    bd_0_i/hls_inst/inst/mul_32s_32s_32_2_1_U1/ap_clk
    DSP48_X2Y31          DSP48E1                                      r  bd_0_i/hls_inst/inst/mul_32s_32s_32_2_1_U1/buff0_reg/CLK
                         clock pessimism              0.000    10.924    
                         clock uncertainty           -0.035    10.889    
    DSP48_X2Y31          DSP48E1 (Setup_dsp48e1_CLK_PCIN[12])
                                                     -1.400     9.489    bd_0_i/hls_inst/inst/mul_32s_32s_32_2_1_U1/buff0_reg
  -------------------------------------------------------------------
                         required time                          9.489    
                         arrival time                          -5.181    
  -------------------------------------------------------------------
                         slack                                  4.308    

Slack (MET) :             4.308ns  (required time - arrival time)
  Source:                 bd_0_i/hls_inst/inst/mul_32s_32s_32_2_1_U1/tmp_product__0/CLK
                            (rising edge-triggered cell DSP48E1 clocked by ap_clk  {rise@0.000ns fall@5.000ns period=10.000ns})
  Destination:            bd_0_i/hls_inst/inst/mul_32s_32s_32_2_1_U1/buff0_reg/PCIN[13]
                            (rising edge-triggered cell DSP48E1 clocked by ap_clk  {rise@0.000ns fall@5.000ns period=10.000ns})
  Path Group:             ap_clk
  Path Type:              Setup (Max at Slow Process Corner)
  Requirement:            10.000ns  (ap_clk rise@10.000ns - ap_clk rise@0.000ns)
  Data Path Delay:        4.208ns  (logic 4.206ns (99.952%)  route 0.002ns (0.048%))
  Logic Levels:           0  
  Clock Path Skew:        -0.049ns (DCD - SCD + CPR)
    Destination Clock Delay (DCD):    0.924ns = ( 10.924 - 10.000 ) 
    Source Clock Delay      (SCD):    0.973ns
    Clock Pessimism Removal (CPR):    0.000ns
  Clock Uncertainty:      0.035ns  ((TSJ^2 + TIJ^2)^1/2 + DJ) / 2 + PE
    Total System Jitter     (TSJ):    0.071ns
    Total Input Jitter      (TIJ):    0.000ns
    Discrete Jitter          (DJ):    0.000ns
    Phase Error              (PE):    0.000ns

    Location             Delay type                Incr(ns)  Path(ns)    Netlist Resource(s)
  -------------------------------------------------------------------    -------------------
                         (clock ap_clk rise edge)     0.000     0.000 r  
                                                      0.000     0.000 r  ap_clk (IN)
                         net (fo=270, unset)          0.973     0.973    bd_0_i/hls_inst/inst/mul_32s_32s_32_2_1_U1/ap_clk
    DSP48_X2Y30          DSP48E1                                      r  bd_0_i/hls_inst/inst/mul_32s_32s_32_2_1_U1/tmp_product__0/CLK
  -------------------------------------------------------------------    -------------------
    DSP48_X2Y30          DSP48E1 (Prop_dsp48e1_CLK_PCOUT[13])
                                                      4.206     5.179 r  bd_0_i/hls_inst/inst/mul_32s_32s_32_2_1_U1/tmp_product__0/PCOUT[13]
                         net (fo=1, routed)           0.002     5.181    bd_0_i/hls_inst/inst/mul_32s_32s_32_2_1_U1/tmp_product__0_n_140
    DSP48_X2Y31          DSP48E1                                      r  bd_0_i/hls_inst/inst/mul_32s_32s_32_2_1_U1/buff0_reg/PCIN[13]
  -------------------------------------------------------------------    -------------------

                         (clock ap_clk rise edge)    10.000    10.000 r  
                                                      0.000    10.000 r  ap_clk (IN)
                         net (fo=270, unset)          0.924    10.924    bd_0_i/hls_inst/inst/mul_32s_32s_32_2_1_U1/ap_clk
    DSP48_X2Y31          DSP48E1                                      r  bd_0_i/hls_inst/inst/mul_32s_32s_32_2_1_U1/buff0_reg/CLK
                         clock pessimism              0.000    10.924    
                         clock uncertainty           -0.035    10.889    
    DSP48_X2Y31          DSP48E1 (Setup_dsp48e1_CLK_PCIN[13])
                                                     -1.400     9.489    bd_0_i/hls_inst/inst/mul_32s_32s_32_2_1_U1/buff0_reg
  -------------------------------------------------------------------
                         required time                          9.489    
                         arrival time                          -5.181    
  -------------------------------------------------------------------
                         slack                                  4.308    

Slack (MET) :             4.308ns  (required time - arrival time)
  Source:                 bd_0_i/hls_inst/inst/mul_32s_32s_32_2_1_U1/tmp_product__0/CLK
                            (rising edge-triggered cell DSP48E1 clocked by ap_clk  {rise@0.000ns fall@5.000ns period=10.000ns})
  Destination:            bd_0_i/hls_inst/inst/mul_32s_32s_32_2_1_U1/buff0_reg/PCIN[14]
                            (rising edge-triggered cell DSP48E1 clocked by ap_clk  {rise@0.000ns fall@5.000ns period=10.000ns})
  Path Group:             ap_clk
  Path Type:              Setup (Max at Slow Process Corner)
  Requirement:            10.000ns  (ap_clk rise@10.000ns - ap_clk rise@0.000ns)
  Data Path Delay:        4.208ns  (logic 4.206ns (99.952%)  route 0.002ns (0.048%))
  Logic Levels:           0  
  Clock Path Skew:        -0.049ns (DCD - SCD + CPR)
    Destination Clock Delay (DCD):    0.924ns = ( 10.924 - 10.000 ) 
    Source Clock Delay      (SCD):    0.973ns
    Clock Pessimism Removal (CPR):    0.000ns
  Clock Uncertainty:      0.035ns  ((TSJ^2 + TIJ^2)^1/2 + DJ) / 2 + PE
    Total System Jitter     (TSJ):    0.071ns
    Total Input Jitter      (TIJ):    0.000ns
    Discrete Jitter          (DJ):    0.000ns
    Phase Error              (PE):    0.000ns

    Location             Delay type                Incr(ns)  Path(ns)    Netlist Resource(s)
  -------------------------------------------------------------------    -------------------
                         (clock ap_clk rise edge)     0.000     0.000 r  
                                                      0.000     0.000 r  ap_clk (IN)
                         net (fo=270, unset)          0.973     0.973    bd_0_i/hls_inst/inst/mul_32s_32s_32_2_1_U1/ap_clk
    DSP48_X2Y30          DSP48E1                                      r  bd_0_i/hls_inst/inst/mul_32s_32s_32_2_1_U1/tmp_product__0/CLK
  -------------------------------------------------------------------    -------------------
    DSP48_X2Y30          DSP48E1 (Prop_dsp48e1_CLK_PCOUT[14])
                                                      4.206     5.179 r  bd_0_i/hls_inst/inst/mul_32s_32s_32_2_1_U1/tmp_product__0/PCOUT[14]
                         net (fo=1, routed)           0.002     5.181    bd_0_i/hls_inst/inst/mul_32s_32s_32_2_1_U1/tmp_product__0_n_139
    DSP48_X2Y31          DSP48E1                                      r  bd_0_i/hls_inst/inst/mul_32s_32s_32_2_1_U1/buff0_reg/PCIN[14]
  -------------------------------------------------------------------    -------------------

                         (clock ap_clk rise edge)    10.000    10.000 r  
                                                      0.000    10.000 r  ap_clk (IN)
                         net (fo=270, unset)          0.924    10.924    bd_0_i/hls_inst/inst/mul_32s_32s_32_2_1_U1/ap_clk
    DSP48_X2Y31          DSP48E1                                      r  bd_0_i/hls_inst/inst/mul_32s_32s_32_2_1_U1/buff0_reg/CLK
                         clock pessimism              0.000    10.924    
                         clock uncertainty           -0.035    10.889    
    DSP48_X2Y31          DSP48E1 (Setup_dsp48e1_CLK_PCIN[14])
                                                     -1.400     9.489    bd_0_i/hls_inst/inst/mul_32s_32s_32_2_1_U1/buff0_reg
  -------------------------------------------------------------------
                         required time                          9.489    
                         arrival time                          -5.181    
  -------------------------------------------------------------------
                         slack                                  4.308    

Slack (MET) :             4.308ns  (required time - arrival time)
  Source:                 bd_0_i/hls_inst/inst/mul_32s_32s_32_2_1_U1/tmp_product__0/CLK
                            (rising edge-triggered cell DSP48E1 clocked by ap_clk  {rise@0.000ns fall@5.000ns period=10.000ns})
  Destination:            bd_0_i/hls_inst/inst/mul_32s_32s_32_2_1_U1/buff0_reg/PCIN[15]
                            (rising edge-triggered cell DSP48E1 clocked by ap_clk  {rise@0.000ns fall@5.000ns period=10.000ns})
  Path Group:             ap_clk
  Path Type:              Setup (Max at Slow Process Corner)
  Requirement:            10.000ns  (ap_clk rise@10.000ns - ap_clk rise@0.000ns)
  Data Path Delay:        4.208ns  (logic 4.206ns (99.952%)  route 0.002ns (0.048%))
  Logic Levels:           0  
  Clock Path Skew:        -0.049ns (DCD - SCD + CPR)
    Destination Clock Delay (DCD):    0.924ns = ( 10.924 - 10.000 ) 
    Source Clock Delay      (SCD):    0.973ns
    Clock Pessimism Removal (CPR):    0.000ns
  Clock Uncertainty:      0.035ns  ((TSJ^2 + TIJ^2)^1/2 + DJ) / 2 + PE
    Total System Jitter     (TSJ):    0.071ns
    Total Input Jitter      (TIJ):    0.000ns
    Discrete Jitter          (DJ):    0.000ns
    Phase Error              (PE):    0.000ns

    Location             Delay type                Incr(ns)  Path(ns)    Netlist Resource(s)
  -------------------------------------------------------------------    -------------------
                         (clock ap_clk rise edge)     0.000     0.000 r  
                                                      0.000     0.000 r  ap_clk (IN)
                         net (fo=270, unset)          0.973     0.973    bd_0_i/hls_inst/inst/mul_32s_32s_32_2_1_U1/ap_clk
    DSP48_X2Y30          DSP48E1                                      r  bd_0_i/hls_inst/inst/mul_32s_32s_32_2_1_U1/tmp_product__0/CLK
  -------------------------------------------------------------------    -------------------
    DSP48_X2Y30          DSP48E1 (Prop_dsp48e1_CLK_PCOUT[15])
                                                      4.206     5.179 r  bd_0_i/hls_inst/inst/mul_32s_32s_32_2_1_U1/tmp_product__0/PCOUT[15]
                         net (fo=1, routed)           0.002     5.181    bd_0_i/hls_inst/inst/mul_32s_32s_32_2_1_U1/tmp_product__0_n_138
    DSP48_X2Y31          DSP48E1                                      r  bd_0_i/hls_inst/inst/mul_32s_32s_32_2_1_U1/buff0_reg/PCIN[15]
  -------------------------------------------------------------------    -------------------

                         (clock ap_clk rise edge)    10.000    10.000 r  
                                                      0.000    10.000 r  ap_clk (IN)
                         net (fo=270, unset)          0.924    10.924    bd_0_i/hls_inst/inst/mul_32s_32s_32_2_1_U1/ap_clk
    DSP48_X2Y31          DSP48E1                                      r  bd_0_i/hls_inst/inst/mul_32s_32s_32_2_1_U1/buff0_reg/CLK
                         clock pessimism              0.000    10.924    
                         clock uncertainty           -0.035    10.889    
    DSP48_X2Y31          DSP48E1 (Setup_dsp48e1_CLK_PCIN[15])
                                                     -1.400     9.489    bd_0_i/hls_inst/inst/mul_32s_32s_32_2_1_U1/buff0_reg
  -------------------------------------------------------------------
                         required time                          9.489    
                         arrival time                          -5.181    
  -------------------------------------------------------------------
                         slack                                  4.308    

Slack (MET) :             4.308ns  (required time - arrival time)
  Source:                 bd_0_i/hls_inst/inst/mul_32s_32s_32_2_1_U1/tmp_product__0/CLK
                            (rising edge-triggered cell DSP48E1 clocked by ap_clk  {rise@0.000ns fall@5.000ns period=10.000ns})
  Destination:            bd_0_i/hls_inst/inst/mul_32s_32s_32_2_1_U1/buff0_reg/PCIN[16]
                            (rising edge-triggered cell DSP48E1 clocked by ap_clk  {rise@0.000ns fall@5.000ns period=10.000ns})
  Path Group:             ap_clk
  Path Type:              Setup (Max at Slow Process Corner)
  Requirement:            10.000ns  (ap_clk rise@10.000ns - ap_clk rise@0.000ns)
  Data Path Delay:        4.208ns  (logic 4.206ns (99.952%)  route 0.002ns (0.048%))
  Logic Levels:           0  
  Clock Path Skew:        -0.049ns (DCD - SCD + CPR)
    Destination Clock Delay (DCD):    0.924ns = ( 10.924 - 10.000 ) 
    Source Clock Delay      (SCD):    0.973ns
    Clock Pessimism Removal (CPR):    0.000ns
  Clock Uncertainty:      0.035ns  ((TSJ^2 + TIJ^2)^1/2 + DJ) / 2 + PE
    Total System Jitter     (TSJ):    0.071ns
    Total Input Jitter      (TIJ):    0.000ns
    Discrete Jitter          (DJ):    0.000ns
    Phase Error              (PE):    0.000ns

    Location             Delay type                Incr(ns)  Path(ns)    Netlist Resource(s)
  -------------------------------------------------------------------    -------------------
                         (clock ap_clk rise edge)     0.000     0.000 r  
                                                      0.000     0.000 r  ap_clk (IN)
                         net (fo=270, unset)          0.973     0.973    bd_0_i/hls_inst/inst/mul_32s_32s_32_2_1_U1/ap_clk
    DSP48_X2Y30          DSP48E1                                      r  bd_0_i/hls_inst/inst/mul_32s_32s_32_2_1_U1/tmp_product__0/CLK
  -------------------------------------------------------------------    -------------------
    DSP48_X2Y30          DSP48E1 (Prop_dsp48e1_CLK_PCOUT[16])
                                                      4.206     5.179 r  bd_0_i/hls_inst/inst/mul_32s_32s_32_2_1_U1/tmp_product__0/PCOUT[16]
                         net (fo=1, routed)           0.002     5.181    bd_0_i/hls_inst/inst/mul_32s_32s_32_2_1_U1/tmp_product__0_n_137
    DSP48_X2Y31          DSP48E1                                      r  bd_0_i/hls_inst/inst/mul_32s_32s_32_2_1_U1/buff0_reg/PCIN[16]
  -------------------------------------------------------------------    -------------------

                         (clock ap_clk rise edge)    10.000    10.000 r  
                                                      0.000    10.000 r  ap_clk (IN)
                         net (fo=270, unset)          0.924    10.924    bd_0_i/hls_inst/inst/mul_32s_32s_32_2_1_U1/ap_clk
    DSP48_X2Y31          DSP48E1                                      r  bd_0_i/hls_inst/inst/mul_32s_32s_32_2_1_U1/buff0_reg/CLK
                         clock pessimism              0.000    10.924    
                         clock uncertainty           -0.035    10.889    
    DSP48_X2Y31          DSP48E1 (Setup_dsp48e1_CLK_PCIN[16])
                                                     -1.400     9.489    bd_0_i/hls_inst/inst/mul_32s_32s_32_2_1_U1/buff0_reg
  -------------------------------------------------------------------
                         required time                          9.489    
                         arrival time                          -5.181    
  -------------------------------------------------------------------
                         slack                                  4.308    

Slack (MET) :             4.308ns  (required time - arrival time)
  Source:                 bd_0_i/hls_inst/inst/mul_32s_32s_32_2_1_U1/tmp_product__0/CLK
                            (rising edge-triggered cell DSP48E1 clocked by ap_clk  {rise@0.000ns fall@5.000ns period=10.000ns})
  Destination:            bd_0_i/hls_inst/inst/mul_32s_32s_32_2_1_U1/buff0_reg/PCIN[17]
                            (rising edge-triggered cell DSP48E1 clocked by ap_clk  {rise@0.000ns fall@5.000ns period=10.000ns})
  Path Group:             ap_clk
  Path Type:              Setup (Max at Slow Process Corner)
  Requirement:            10.000ns  (ap_clk rise@10.000ns - ap_clk rise@0.000ns)
  Data Path Delay:        4.208ns  (logic 4.206ns (99.952%)  route 0.002ns (0.048%))
  Logic Levels:           0  
  Clock Path Skew:        -0.049ns (DCD - SCD + CPR)
    Destination Clock Delay (DCD):    0.924ns = ( 10.924 - 10.000 ) 
    Source Clock Delay      (SCD):    0.973ns
    Clock Pessimism Removal (CPR):    0.000ns
  Clock Uncertainty:      0.035ns  ((TSJ^2 + TIJ^2)^1/2 + DJ) / 2 + PE
    Total System Jitter     (TSJ):    0.071ns
    Total Input Jitter      (TIJ):    0.000ns
    Discrete Jitter          (DJ):    0.000ns
    Phase Error              (PE):    0.000ns

    Location             Delay type                Incr(ns)  Path(ns)    Netlist Resource(s)
  -------------------------------------------------------------------    -------------------
                         (clock ap_clk rise edge)     0.000     0.000 r  
                                                      0.000     0.000 r  ap_clk (IN)
                         net (fo=270, unset)          0.973     0.973    bd_0_i/hls_inst/inst/mul_32s_32s_32_2_1_U1/ap_clk
    DSP48_X2Y30          DSP48E1                                      r  bd_0_i/hls_inst/inst/mul_32s_32s_32_2_1_U1/tmp_product__0/CLK
  -------------------------------------------------------------------    -------------------
    DSP48_X2Y30          DSP48E1 (Prop_dsp48e1_CLK_PCOUT[17])
                                                      4.206     5.179 r  bd_0_i/hls_inst/inst/mul_32s_32s_32_2_1_U1/tmp_product__0/PCOUT[17]
                         net (fo=1, routed)           0.002     5.181    bd_0_i/hls_inst/inst/mul_32s_32s_32_2_1_U1/tmp_product__0_n_136
    DSP48_X2Y31          DSP48E1                                      r  bd_0_i/hls_inst/inst/mul_32s_32s_32_2_1_U1/buff0_reg/PCIN[17]
  -------------------------------------------------------------------    -------------------

                         (clock ap_clk rise edge)    10.000    10.000 r  
                                                      0.000    10.000 r  ap_clk (IN)
                         net (fo=270, unset)          0.924    10.924    bd_0_i/hls_inst/inst/mul_32s_32s_32_2_1_U1/ap_clk
    DSP48_X2Y31          DSP48E1                                      r  bd_0_i/hls_inst/inst/mul_32s_32s_32_2_1_U1/buff0_reg/CLK
                         clock pessimism              0.000    10.924    
                         clock uncertainty           -0.035    10.889    
    DSP48_X2Y31          DSP48E1 (Setup_dsp48e1_CLK_PCIN[17])
                                                     -1.400     9.489    bd_0_i/hls_inst/inst/mul_32s_32s_32_2_1_U1/buff0_reg
  -------------------------------------------------------------------
                         required time                          9.489    
                         arrival time                          -5.181    
  -------------------------------------------------------------------
                         slack                                  4.308    

Slack (MET) :             4.308ns  (required time - arrival time)
  Source:                 bd_0_i/hls_inst/inst/mul_32s_32s_32_2_1_U1/tmp_product__0/CLK
                            (rising edge-triggered cell DSP48E1 clocked by ap_clk  {rise@0.000ns fall@5.000ns period=10.000ns})
  Destination:            bd_0_i/hls_inst/inst/mul_32s_32s_32_2_1_U1/buff0_reg/PCIN[18]
                            (rising edge-triggered cell DSP48E1 clocked by ap_clk  {rise@0.000ns fall@5.000ns period=10.000ns})
  Path Group:             ap_clk
  Path Type:              Setup (Max at Slow Process Corner)
  Requirement:            10.000ns  (ap_clk rise@10.000ns - ap_clk rise@0.000ns)
  Data Path Delay:        4.208ns  (logic 4.206ns (99.952%)  route 0.002ns (0.048%))
  Logic Levels:           0  
  Clock Path Skew:        -0.049ns (DCD - SCD + CPR)
    Destination Clock Delay (DCD):    0.924ns = ( 10.924 - 10.000 ) 
    Source Clock Delay      (SCD):    0.973ns
    Clock Pessimism Removal (CPR):    0.000ns
  Clock Uncertainty:      0.035ns  ((TSJ^2 + TIJ^2)^1/2 + DJ) / 2 + PE
    Total System Jitter     (TSJ):    0.071ns
    Total Input Jitter      (TIJ):    0.000ns
    Discrete Jitter          (DJ):    0.000ns
    Phase Error              (PE):    0.000ns

    Location             Delay type                Incr(ns)  Path(ns)    Netlist Resource(s)
  -------------------------------------------------------------------    -------------------
                         (clock ap_clk rise edge)     0.000     0.000 r  
                                                      0.000     0.000 r  ap_clk (IN)
                         net (fo=270, unset)          0.973     0.973    bd_0_i/hls_inst/inst/mul_32s_32s_32_2_1_U1/ap_clk
    DSP48_X2Y30          DSP48E1                                      r  bd_0_i/hls_inst/inst/mul_32s_32s_32_2_1_U1/tmp_product__0/CLK
  -------------------------------------------------------------------    -------------------
    DSP48_X2Y30          DSP48E1 (Prop_dsp48e1_CLK_PCOUT[18])
                                                      4.206     5.179 r  bd_0_i/hls_inst/inst/mul_32s_32s_32_2_1_U1/tmp_product__0/PCOUT[18]
                         net (fo=1, routed)           0.002     5.181    bd_0_i/hls_inst/inst/mul_32s_32s_32_2_1_U1/tmp_product__0_n_135
    DSP48_X2Y31          DSP48E1                                      r  bd_0_i/hls_inst/inst/mul_32s_32s_32_2_1_U1/buff0_reg/PCIN[18]
  -------------------------------------------------------------------    -------------------

                         (clock ap_clk rise edge)    10.000    10.000 r  
                                                      0.000    10.000 r  ap_clk (IN)
                         net (fo=270, unset)          0.924    10.924    bd_0_i/hls_inst/inst/mul_32s_32s_32_2_1_U1/ap_clk
    DSP48_X2Y31          DSP48E1                                      r  bd_0_i/hls_inst/inst/mul_32s_32s_32_2_1_U1/buff0_reg/CLK
                         clock pessimism              0.000    10.924    
                         clock uncertainty           -0.035    10.889    
    DSP48_X2Y31          DSP48E1 (Setup_dsp48e1_CLK_PCIN[18])
                                                     -1.400     9.489    bd_0_i/hls_inst/inst/mul_32s_32s_32_2_1_U1/buff0_reg
  -------------------------------------------------------------------
                         required time                          9.489    
                         arrival time                          -5.181    
  -------------------------------------------------------------------
                         slack                                  4.308    





Min Delay Paths
--------------------------------------------------------------------------------------
Slack (MET) :             0.145ns  (arrival time - required time)
  Source:                 bd_0_i/hls_inst/inst/HLS_LINEAR_PERIPH_BUS_s_axi_U/int_y_reg[13]/C
                            (rising edge-triggered cell FDRE clocked by ap_clk  {rise@0.000ns fall@5.000ns period=10.000ns})
  Destination:            bd_0_i/hls_inst/inst/HLS_LINEAR_PERIPH_BUS_s_axi_U/rdata_reg[13]/D
                            (rising edge-triggered cell FDRE clocked by ap_clk  {rise@0.000ns fall@5.000ns period=10.000ns})
  Path Group:             ap_clk
  Path Type:              Hold (Min at Fast Process Corner)
  Requirement:            0.000ns  (ap_clk rise@0.000ns - ap_clk rise@0.000ns)
  Data Path Delay:        0.258ns  (logic 0.209ns (80.975%)  route 0.049ns (19.025%))
  Logic Levels:           1  (LUT6=1)
  Clock Path Skew:        0.022ns (DCD - SCD - CPR)
    Destination Clock Delay (DCD):    0.432ns
    Source Clock Delay      (SCD):    0.410ns
    Clock Pessimism Removal (CPR):    -0.000ns

    Location             Delay type                Incr(ns)  Path(ns)    Netlist Resource(s)
  -------------------------------------------------------------------    -------------------
                         (clock ap_clk rise edge)     0.000     0.000 r  
                                                      0.000     0.000 r  ap_clk (IN)
                         net (fo=270, unset)          0.410     0.410    bd_0_i/hls_inst/inst/HLS_LINEAR_PERIPH_BUS_s_axi_U/ap_clk
    SLICE_X32Y77         FDRE                                         r  bd_0_i/hls_inst/inst/HLS_LINEAR_PERIPH_BUS_s_axi_U/int_y_reg[13]/C
  -------------------------------------------------------------------    -------------------
    SLICE_X32Y77         FDRE (Prop_fdre_C_Q)         0.164     0.574 r  bd_0_i/hls_inst/inst/HLS_LINEAR_PERIPH_BUS_s_axi_U/int_y_reg[13]/Q
                         net (fo=1, routed)           0.049     0.623    bd_0_i/hls_inst/inst/HLS_LINEAR_PERIPH_BUS_s_axi_U/int_y[13]
    SLICE_X33Y77         LUT6 (Prop_lut6_I4_O)        0.045     0.668 r  bd_0_i/hls_inst/inst/HLS_LINEAR_PERIPH_BUS_s_axi_U/rdata[13]_i_1/O
                         net (fo=1, routed)           0.000     0.668    bd_0_i/hls_inst/inst/HLS_LINEAR_PERIPH_BUS_s_axi_U/rdata[13]_i_1_n_0
    SLICE_X33Y77         FDRE                                         r  bd_0_i/hls_inst/inst/HLS_LINEAR_PERIPH_BUS_s_axi_U/rdata_reg[13]/D
  -------------------------------------------------------------------    -------------------

                         (clock ap_clk rise edge)     0.000     0.000 r  
                                                      0.000     0.000 r  ap_clk (IN)
                         net (fo=270, unset)          0.432     0.432    bd_0_i/hls_inst/inst/HLS_LINEAR_PERIPH_BUS_s_axi_U/ap_clk
    SLICE_X33Y77         FDRE                                         r  bd_0_i/hls_inst/inst/HLS_LINEAR_PERIPH_BUS_s_axi_U/rdata_reg[13]/C
                         clock pessimism              0.000     0.432    
    SLICE_X33Y77         FDRE (Hold_fdre_C_D)         0.092     0.524    bd_0_i/hls_inst/inst/HLS_LINEAR_PERIPH_BUS_s_axi_U/rdata_reg[13]
  -------------------------------------------------------------------
                         required time                         -0.524    
                         arrival time                           0.668    
  -------------------------------------------------------------------
                         slack                                  0.145    

Slack (MET) :             0.145ns  (arrival time - required time)
  Source:                 bd_0_i/hls_inst/inst/HLS_LINEAR_PERIPH_BUS_s_axi_U/int_x_reg[20]/C
                            (rising edge-triggered cell FDRE clocked by ap_clk  {rise@0.000ns fall@5.000ns period=10.000ns})
  Destination:            bd_0_i/hls_inst/inst/HLS_LINEAR_PERIPH_BUS_s_axi_U/rdata_reg[20]/D
                            (rising edge-triggered cell FDRE clocked by ap_clk  {rise@0.000ns fall@5.000ns period=10.000ns})
  Path Group:             ap_clk
  Path Type:              Hold (Min at Fast Process Corner)
  Requirement:            0.000ns  (ap_clk rise@0.000ns - ap_clk rise@0.000ns)
  Data Path Delay:        0.287ns  (logic 0.186ns (64.755%)  route 0.101ns (35.245%))
  Logic Levels:           1  (LUT6=1)
  Clock Path Skew:        0.022ns (DCD - SCD - CPR)
    Destination Clock Delay (DCD):    0.432ns
    Source Clock Delay      (SCD):    0.410ns
    Clock Pessimism Removal (CPR):    -0.000ns

    Location             Delay type                Incr(ns)  Path(ns)    Netlist Resource(s)
  -------------------------------------------------------------------    -------------------
                         (clock ap_clk rise edge)     0.000     0.000 r  
                                                      0.000     0.000 r  ap_clk (IN)
                         net (fo=270, unset)          0.410     0.410    bd_0_i/hls_inst/inst/HLS_LINEAR_PERIPH_BUS_s_axi_U/ap_clk
    SLICE_X35Y78         FDRE                                         r  bd_0_i/hls_inst/inst/HLS_LINEAR_PERIPH_BUS_s_axi_U/int_x_reg[20]/C
  -------------------------------------------------------------------    -------------------
    SLICE_X35Y78         FDRE (Prop_fdre_C_Q)         0.141     0.551 r  bd_0_i/hls_inst/inst/HLS_LINEAR_PERIPH_BUS_s_axi_U/int_x_reg[20]/Q
                         net (fo=2, routed)           0.101     0.652    bd_0_i/hls_inst/inst/HLS_LINEAR_PERIPH_BUS_s_axi_U/x[20]
    SLICE_X34Y78         LUT6 (Prop_lut6_I0_O)        0.045     0.697 r  bd_0_i/hls_inst/inst/HLS_LINEAR_PERIPH_BUS_s_axi_U/rdata[20]_i_1/O
                         net (fo=1, routed)           0.000     0.697    bd_0_i/hls_inst/inst/HLS_LINEAR_PERIPH_BUS_s_axi_U/rdata[20]_i_1_n_0
    SLICE_X34Y78         FDRE                                         r  bd_0_i/hls_inst/inst/HLS_LINEAR_PERIPH_BUS_s_axi_U/rdata_reg[20]/D
  -------------------------------------------------------------------    -------------------

                         (clock ap_clk rise edge)     0.000     0.000 r  
                                                      0.000     0.000 r  ap_clk (IN)
                         net (fo=270, unset)          0.432     0.432    bd_0_i/hls_inst/inst/HLS_LINEAR_PERIPH_BUS_s_axi_U/ap_clk
    SLICE_X34Y78         FDRE                                         r  bd_0_i/hls_inst/inst/HLS_LINEAR_PERIPH_BUS_s_axi_U/rdata_reg[20]/C
                         clock pessimism              0.000     0.432    
    SLICE_X34Y78         FDRE (Hold_fdre_C_D)         0.121     0.553    bd_0_i/hls_inst/inst/HLS_LINEAR_PERIPH_BUS_s_axi_U/rdata_reg[20]
  -------------------------------------------------------------------
                         required time                         -0.553    
                         arrival time                           0.697    
  -------------------------------------------------------------------
                         slack                                  0.145    

Slack (MET) :             0.147ns  (arrival time - required time)
  Source:                 bd_0_i/hls_inst/inst/c_read_reg_94_reg[11]/C
                            (rising edge-triggered cell FDRE clocked by ap_clk  {rise@0.000ns fall@5.000ns period=10.000ns})
  Destination:            bd_0_i/hls_inst/inst/HLS_LINEAR_PERIPH_BUS_s_axi_U/int_y_reg[11]/D
                            (rising edge-triggered cell FDRE clocked by ap_clk  {rise@0.000ns fall@5.000ns period=10.000ns})
  Path Group:             ap_clk
  Path Type:              Hold (Min at Fast Process Corner)
  Requirement:            0.000ns  (ap_clk rise@0.000ns - ap_clk rise@0.000ns)
  Data Path Delay:        0.302ns  (logic 0.250ns (82.753%)  route 0.052ns (17.247%))
  Logic Levels:           2  (CARRY4=1 LUT2=1)
  Clock Path Skew:        0.022ns (DCD - SCD - CPR)
    Destination Clock Delay (DCD):    0.432ns
    Source Clock Delay      (SCD):    0.410ns
    Clock Pessimism Removal (CPR):    -0.000ns

    Location             Delay type                Incr(ns)  Path(ns)    Netlist Resource(s)
  -------------------------------------------------------------------    -------------------
                         (clock ap_clk rise edge)     0.000     0.000 r  
                                                      0.000     0.000 r  ap_clk (IN)
                         net (fo=270, unset)          0.410     0.410    bd_0_i/hls_inst/inst/ap_clk
    SLICE_X33Y76         FDRE                                         r  bd_0_i/hls_inst/inst/c_read_reg_94_reg[11]/C
  -------------------------------------------------------------------    -------------------
    SLICE_X33Y76         FDRE (Prop_fdre_C_Q)         0.141     0.551 r  bd_0_i/hls_inst/inst/c_read_reg_94_reg[11]/Q
                         net (fo=1, routed)           0.052     0.603    bd_0_i/hls_inst/inst/HLS_LINEAR_PERIPH_BUS_s_axi_U/int_y_reg[31]_1[11]
    SLICE_X32Y76         LUT2 (Prop_lut2_I1_O)        0.045     0.648 r  bd_0_i/hls_inst/inst/HLS_LINEAR_PERIPH_BUS_s_axi_U/int_y[11]_i_2/O
                         net (fo=1, routed)           0.000     0.648    bd_0_i/hls_inst/inst/HLS_LINEAR_PERIPH_BUS_s_axi_U/int_y[11]_i_2_n_0
    SLICE_X32Y76         CARRY4 (Prop_carry4_S[3]_O[3])
                                                      0.064     0.712 r  bd_0_i/hls_inst/inst/HLS_LINEAR_PERIPH_BUS_s_axi_U/int_y_reg[11]_i_1/O[3]
                         net (fo=1, routed)           0.000     0.712    bd_0_i/hls_inst/inst/HLS_LINEAR_PERIPH_BUS_s_axi_U/y[11]
    SLICE_X32Y76         FDRE                                         r  bd_0_i/hls_inst/inst/HLS_LINEAR_PERIPH_BUS_s_axi_U/int_y_reg[11]/D
  -------------------------------------------------------------------    -------------------

                         (clock ap_clk rise edge)     0.000     0.000 r  
                                                      0.000     0.000 r  ap_clk (IN)
                         net (fo=270, unset)          0.432     0.432    bd_0_i/hls_inst/inst/HLS_LINEAR_PERIPH_BUS_s_axi_U/ap_clk
    SLICE_X32Y76         FDRE                                         r  bd_0_i/hls_inst/inst/HLS_LINEAR_PERIPH_BUS_s_axi_U/int_y_reg[11]/C
                         clock pessimism              0.000     0.432    
    SLICE_X32Y76         FDRE (Hold_fdre_C_D)         0.134     0.566    bd_0_i/hls_inst/inst/HLS_LINEAR_PERIPH_BUS_s_axi_U/int_y_reg[11]
  -------------------------------------------------------------------
                         required time                         -0.566    
                         arrival time                           0.712    
  -------------------------------------------------------------------
                         slack                                  0.147    

Slack (MET) :             0.165ns  (arrival time - required time)
  Source:                 bd_0_i/hls_inst/inst/HLS_LINEAR_PERIPH_BUS_s_axi_U/int_c_reg[6]/C
                            (rising edge-triggered cell FDRE clocked by ap_clk  {rise@0.000ns fall@5.000ns period=10.000ns})
  Destination:            bd_0_i/hls_inst/inst/c_read_reg_94_reg[6]/D
                            (rising edge-triggered cell FDRE clocked by ap_clk  {rise@0.000ns fall@5.000ns period=10.000ns})
  Path Group:             ap_clk
  Path Type:              Hold (Min at Fast Process Corner)
  Requirement:            0.000ns  (ap_clk rise@0.000ns - ap_clk rise@0.000ns)
  Data Path Delay:        0.263ns  (logic 0.141ns (53.626%)  route 0.122ns (46.374%))
  Logic Levels:           0  
  Clock Path Skew:        0.022ns (DCD - SCD - CPR)
    Destination Clock Delay (DCD):    0.432ns
    Source Clock Delay      (SCD):    0.410ns
    Clock Pessimism Removal (CPR):    -0.000ns

    Location             Delay type                Incr(ns)  Path(ns)    Netlist Resource(s)
  -------------------------------------------------------------------    -------------------
                         (clock ap_clk rise edge)     0.000     0.000 r  
                                                      0.000     0.000 r  ap_clk (IN)
                         net (fo=270, unset)          0.410     0.410    bd_0_i/hls_inst/inst/HLS_LINEAR_PERIPH_BUS_s_axi_U/ap_clk
    SLICE_X33Y73         FDRE                                         r  bd_0_i/hls_inst/inst/HLS_LINEAR_PERIPH_BUS_s_axi_U/int_c_reg[6]/C
  -------------------------------------------------------------------    -------------------
    SLICE_X33Y73         FDRE (Prop_fdre_C_Q)         0.141     0.551 r  bd_0_i/hls_inst/inst/HLS_LINEAR_PERIPH_BUS_s_axi_U/int_c_reg[6]/Q
                         net (fo=3, routed)           0.122     0.673    bd_0_i/hls_inst/inst/c[6]
    SLICE_X33Y74         FDRE                                         r  bd_0_i/hls_inst/inst/c_read_reg_94_reg[6]/D
  -------------------------------------------------------------------    -------------------

                         (clock ap_clk rise edge)     0.000     0.000 r  
                                                      0.000     0.000 r  ap_clk (IN)
                         net (fo=270, unset)          0.432     0.432    bd_0_i/hls_inst/inst/ap_clk
    SLICE_X33Y74         FDRE                                         r  bd_0_i/hls_inst/inst/c_read_reg_94_reg[6]/C
                         clock pessimism              0.000     0.432    
    SLICE_X33Y74         FDRE (Hold_fdre_C_D)         0.076     0.508    bd_0_i/hls_inst/inst/c_read_reg_94_reg[6]
  -------------------------------------------------------------------
                         required time                         -0.508    
                         arrival time                           0.673    
  -------------------------------------------------------------------
                         slack                                  0.165    

Slack (MET) :             0.175ns  (arrival time - required time)
  Source:                 bd_0_i/hls_inst/inst/c_read_reg_94_reg[3]/C
                            (rising edge-triggered cell FDRE clocked by ap_clk  {rise@0.000ns fall@5.000ns period=10.000ns})
  Destination:            bd_0_i/hls_inst/inst/HLS_LINEAR_PERIPH_BUS_s_axi_U/int_y_reg[3]/D
                            (rising edge-triggered cell FDRE clocked by ap_clk  {rise@0.000ns fall@5.000ns period=10.000ns})
  Path Group:             ap_clk
  Path Type:              Hold (Min at Fast Process Corner)
  Requirement:            0.000ns  (ap_clk rise@0.000ns - ap_clk rise@0.000ns)
  Data Path Delay:        0.330ns  (logic 0.250ns (75.734%)  route 0.080ns (24.266%))
  Logic Levels:           2  (CARRY4=1 LUT2=1)
  Clock Path Skew:        0.022ns (DCD - SCD - CPR)
    Destination Clock Delay (DCD):    0.432ns
    Source Clock Delay      (SCD):    0.410ns
    Clock Pessimism Removal (CPR):    -0.000ns

    Location             Delay type                Incr(ns)  Path(ns)    Netlist Resource(s)
  -------------------------------------------------------------------    -------------------
                         (clock ap_clk rise edge)     0.000     0.000 r  
                                                      0.000     0.000 r  ap_clk (IN)
                         net (fo=270, unset)          0.410     0.410    bd_0_i/hls_inst/inst/ap_clk
    SLICE_X33Y74         FDRE                                         r  bd_0_i/hls_inst/inst/c_read_reg_94_reg[3]/C
  -------------------------------------------------------------------    -------------------
    SLICE_X33Y74         FDRE (Prop_fdre_C_Q)         0.141     0.551 r  bd_0_i/hls_inst/inst/c_read_reg_94_reg[3]/Q
                         net (fo=1, routed)           0.080     0.631    bd_0_i/hls_inst/inst/HLS_LINEAR_PERIPH_BUS_s_axi_U/int_y_reg[31]_1[3]
    SLICE_X32Y74         LUT2 (Prop_lut2_I1_O)        0.045     0.676 r  bd_0_i/hls_inst/inst/HLS_LINEAR_PERIPH_BUS_s_axi_U/int_y[3]_i_2/O
                         net (fo=1, routed)           0.000     0.676    bd_0_i/hls_inst/inst/HLS_LINEAR_PERIPH_BUS_s_axi_U/int_y[3]_i_2_n_0
    SLICE_X32Y74         CARRY4 (Prop_carry4_S[3]_O[3])
                                                      0.064     0.740 r  bd_0_i/hls_inst/inst/HLS_LINEAR_PERIPH_BUS_s_axi_U/int_y_reg[3]_i_1/O[3]
                         net (fo=1, routed)           0.000     0.740    bd_0_i/hls_inst/inst/HLS_LINEAR_PERIPH_BUS_s_axi_U/y[3]
    SLICE_X32Y74         FDRE                                         r  bd_0_i/hls_inst/inst/HLS_LINEAR_PERIPH_BUS_s_axi_U/int_y_reg[3]/D
  -------------------------------------------------------------------    -------------------

                         (clock ap_clk rise edge)     0.000     0.000 r  
                                                      0.000     0.000 r  ap_clk (IN)
                         net (fo=270, unset)          0.432     0.432    bd_0_i/hls_inst/inst/HLS_LINEAR_PERIPH_BUS_s_axi_U/ap_clk
    SLICE_X32Y74         FDRE                                         r  bd_0_i/hls_inst/inst/HLS_LINEAR_PERIPH_BUS_s_axi_U/int_y_reg[3]/C
                         clock pessimism              0.000     0.432    
    SLICE_X32Y74         FDRE (Hold_fdre_C_D)         0.134     0.566    bd_0_i/hls_inst/inst/HLS_LINEAR_PERIPH_BUS_s_axi_U/int_y_reg[3]
  -------------------------------------------------------------------
                         required time                         -0.566    
                         arrival time                           0.740    
  -------------------------------------------------------------------
                         slack                                  0.175    

Slack (MET) :             0.175ns  (arrival time - required time)
  Source:                 bd_0_i/hls_inst/inst/HLS_LINEAR_PERIPH_BUS_s_axi_U/int_c_reg[4]/C
                            (rising edge-triggered cell FDRE clocked by ap_clk  {rise@0.000ns fall@5.000ns period=10.000ns})
  Destination:            bd_0_i/hls_inst/inst/c_read_reg_94_reg[4]/D
                            (rising edge-triggered cell FDRE clocked by ap_clk  {rise@0.000ns fall@5.000ns period=10.000ns})
  Path Group:             ap_clk
  Path Type:              Hold (Min at Fast Process Corner)
  Requirement:            0.000ns  (ap_clk rise@0.000ns - ap_clk rise@0.000ns)
  Data Path Delay:        0.272ns  (logic 0.141ns (51.824%)  route 0.131ns (48.176%))
  Logic Levels:           0  
  Clock Path Skew:        0.022ns (DCD - SCD - CPR)
    Destination Clock Delay (DCD):    0.432ns
    Source Clock Delay      (SCD):    0.410ns
    Clock Pessimism Removal (CPR):    -0.000ns

    Location             Delay type                Incr(ns)  Path(ns)    Netlist Resource(s)
  -------------------------------------------------------------------    -------------------
                         (clock ap_clk rise edge)     0.000     0.000 r  
                                                      0.000     0.000 r  ap_clk (IN)
                         net (fo=270, unset)          0.410     0.410    bd_0_i/hls_inst/inst/HLS_LINEAR_PERIPH_BUS_s_axi_U/ap_clk
    SLICE_X33Y73         FDRE                                         r  bd_0_i/hls_inst/inst/HLS_LINEAR_PERIPH_BUS_s_axi_U/int_c_reg[4]/C
  -------------------------------------------------------------------    -------------------
    SLICE_X33Y73         FDRE (Prop_fdre_C_Q)         0.141     0.551 r  bd_0_i/hls_inst/inst/HLS_LINEAR_PERIPH_BUS_s_axi_U/int_c_reg[4]/Q
                         net (fo=3, routed)           0.131     0.682    bd_0_i/hls_inst/inst/c[4]
    SLICE_X33Y74         FDRE                                         r  bd_0_i/hls_inst/inst/c_read_reg_94_reg[4]/D
  -------------------------------------------------------------------    -------------------

                         (clock ap_clk rise edge)     0.000     0.000 r  
                                                      0.000     0.000 r  ap_clk (IN)
                         net (fo=270, unset)          0.432     0.432    bd_0_i/hls_inst/inst/ap_clk
    SLICE_X33Y74         FDRE                                         r  bd_0_i/hls_inst/inst/c_read_reg_94_reg[4]/C
                         clock pessimism              0.000     0.432    
    SLICE_X33Y74         FDRE (Hold_fdre_C_D)         0.075     0.507    bd_0_i/hls_inst/inst/c_read_reg_94_reg[4]
  -------------------------------------------------------------------
                         required time                         -0.507    
                         arrival time                           0.682    
  -------------------------------------------------------------------
                         slack                                  0.175    

Slack (MET) :             0.178ns  (arrival time - required time)
  Source:                 bd_0_i/hls_inst/inst/HLS_LINEAR_PERIPH_BUS_s_axi_U/int_y_reg[15]/C
                            (rising edge-triggered cell FDRE clocked by ap_clk  {rise@0.000ns fall@5.000ns period=10.000ns})
  Destination:            bd_0_i/hls_inst/inst/HLS_LINEAR_PERIPH_BUS_s_axi_U/rdata_reg[15]/D
                            (rising edge-triggered cell FDRE clocked by ap_clk  {rise@0.000ns fall@5.000ns period=10.000ns})
  Path Group:             ap_clk
  Path Type:              Hold (Min at Fast Process Corner)
  Requirement:            0.000ns  (ap_clk rise@0.000ns - ap_clk rise@0.000ns)
  Data Path Delay:        0.320ns  (logic 0.209ns (65.286%)  route 0.111ns (34.714%))
  Logic Levels:           1  (LUT6=1)
  Clock Path Skew:        0.022ns (DCD - SCD - CPR)
    Destination Clock Delay (DCD):    0.432ns
    Source Clock Delay      (SCD):    0.410ns
    Clock Pessimism Removal (CPR):    -0.000ns

    Location             Delay type                Incr(ns)  Path(ns)    Netlist Resource(s)
  -------------------------------------------------------------------    -------------------
                         (clock ap_clk rise edge)     0.000     0.000 r  
                                                      0.000     0.000 r  ap_clk (IN)
                         net (fo=270, unset)          0.410     0.410    bd_0_i/hls_inst/inst/HLS_LINEAR_PERIPH_BUS_s_axi_U/ap_clk
    SLICE_X32Y77         FDRE                                         r  bd_0_i/hls_inst/inst/HLS_LINEAR_PERIPH_BUS_s_axi_U/int_y_reg[15]/C
  -------------------------------------------------------------------    -------------------
    SLICE_X32Y77         FDRE (Prop_fdre_C_Q)         0.164     0.574 r  bd_0_i/hls_inst/inst/HLS_LINEAR_PERIPH_BUS_s_axi_U/int_y_reg[15]/Q
                         net (fo=1, routed)           0.111     0.685    bd_0_i/hls_inst/inst/HLS_LINEAR_PERIPH_BUS_s_axi_U/int_y[15]
    SLICE_X34Y77         LUT6 (Prop_lut6_I4_O)        0.045     0.730 r  bd_0_i/hls_inst/inst/HLS_LINEAR_PERIPH_BUS_s_axi_U/rdata[15]_i_2/O
                         net (fo=1, routed)           0.000     0.730    bd_0_i/hls_inst/inst/HLS_LINEAR_PERIPH_BUS_s_axi_U/rdata[15]_i_2_n_0
    SLICE_X34Y77         FDRE                                         r  bd_0_i/hls_inst/inst/HLS_LINEAR_PERIPH_BUS_s_axi_U/rdata_reg[15]/D
  -------------------------------------------------------------------    -------------------

                         (clock ap_clk rise edge)     0.000     0.000 r  
                                                      0.000     0.000 r  ap_clk (IN)
                         net (fo=270, unset)          0.432     0.432    bd_0_i/hls_inst/inst/HLS_LINEAR_PERIPH_BUS_s_axi_U/ap_clk
    SLICE_X34Y77         FDRE                                         r  bd_0_i/hls_inst/inst/HLS_LINEAR_PERIPH_BUS_s_axi_U/rdata_reg[15]/C
                         clock pessimism              0.000     0.432    
    SLICE_X34Y77         FDRE (Hold_fdre_C_D)         0.121     0.553    bd_0_i/hls_inst/inst/HLS_LINEAR_PERIPH_BUS_s_axi_U/rdata_reg[15]
  -------------------------------------------------------------------
                         required time                         -0.553    
                         arrival time                           0.730    
  -------------------------------------------------------------------
                         slack                                  0.178    

Slack (MET) :             0.179ns  (arrival time - required time)
  Source:                 bd_0_i/hls_inst/inst/HLS_LINEAR_PERIPH_BUS_s_axi_U/int_y_reg[12]/C
                            (rising edge-triggered cell FDRE clocked by ap_clk  {rise@0.000ns fall@5.000ns period=10.000ns})
  Destination:            bd_0_i/hls_inst/inst/HLS_LINEAR_PERIPH_BUS_s_axi_U/rdata_reg[12]/D
                            (rising edge-triggered cell FDRE clocked by ap_clk  {rise@0.000ns fall@5.000ns period=10.000ns})
  Path Group:             ap_clk
  Path Type:              Hold (Min at Fast Process Corner)
  Requirement:            0.000ns  (ap_clk rise@0.000ns - ap_clk rise@0.000ns)
  Data Path Delay:        0.292ns  (logic 0.209ns (71.550%)  route 0.083ns (28.450%))
  Logic Levels:           1  (LUT6=1)
  Clock Path Skew:        0.022ns (DCD - SCD - CPR)
    Destination Clock Delay (DCD):    0.432ns
    Source Clock Delay      (SCD):    0.410ns
    Clock Pessimism Removal (CPR):    -0.000ns

    Location             Delay type                Incr(ns)  Path(ns)    Netlist Resource(s)
  -------------------------------------------------------------------    -------------------
                         (clock ap_clk rise edge)     0.000     0.000 r  
                                                      0.000     0.000 r  ap_clk (IN)
                         net (fo=270, unset)          0.410     0.410    bd_0_i/hls_inst/inst/HLS_LINEAR_PERIPH_BUS_s_axi_U/ap_clk
    SLICE_X32Y77         FDRE                                         r  bd_0_i/hls_inst/inst/HLS_LINEAR_PERIPH_BUS_s_axi_U/int_y_reg[12]/C
  -------------------------------------------------------------------    -------------------
    SLICE_X32Y77         FDRE (Prop_fdre_C_Q)         0.164     0.574 r  bd_0_i/hls_inst/inst/HLS_LINEAR_PERIPH_BUS_s_axi_U/int_y_reg[12]/Q
                         net (fo=1, routed)           0.083     0.657    bd_0_i/hls_inst/inst/HLS_LINEAR_PERIPH_BUS_s_axi_U/int_y[12]
    SLICE_X33Y77         LUT6 (Prop_lut6_I4_O)        0.045     0.702 r  bd_0_i/hls_inst/inst/HLS_LINEAR_PERIPH_BUS_s_axi_U/rdata[12]_i_1/O
                         net (fo=1, routed)           0.000     0.702    bd_0_i/hls_inst/inst/HLS_LINEAR_PERIPH_BUS_s_axi_U/rdata[12]_i_1_n_0
    SLICE_X33Y77         FDRE                                         r  bd_0_i/hls_inst/inst/HLS_LINEAR_PERIPH_BUS_s_axi_U/rdata_reg[12]/D
  -------------------------------------------------------------------    -------------------

                         (clock ap_clk rise edge)     0.000     0.000 r  
                                                      0.000     0.000 r  ap_clk (IN)
                         net (fo=270, unset)          0.432     0.432    bd_0_i/hls_inst/inst/HLS_LINEAR_PERIPH_BUS_s_axi_U/ap_clk
    SLICE_X33Y77         FDRE                                         r  bd_0_i/hls_inst/inst/HLS_LINEAR_PERIPH_BUS_s_axi_U/rdata_reg[12]/C
                         clock pessimism              0.000     0.432    
    SLICE_X33Y77         FDRE (Hold_fdre_C_D)         0.092     0.524    bd_0_i/hls_inst/inst/HLS_LINEAR_PERIPH_BUS_s_axi_U/rdata_reg[12]
  -------------------------------------------------------------------
                         required time                         -0.524    
                         arrival time                           0.702    
  -------------------------------------------------------------------
                         slack                                  0.179    

Slack (MET) :             0.179ns  (arrival time - required time)
  Source:                 bd_0_i/hls_inst/inst/HLS_LINEAR_PERIPH_BUS_s_axi_U/int_y_reg[4]/C
                            (rising edge-triggered cell FDRE clocked by ap_clk  {rise@0.000ns fall@5.000ns period=10.000ns})
  Destination:            bd_0_i/hls_inst/inst/HLS_LINEAR_PERIPH_BUS_s_axi_U/rdata_reg[4]/D
                            (rising edge-triggered cell FDRE clocked by ap_clk  {rise@0.000ns fall@5.000ns period=10.000ns})
  Path Group:             ap_clk
  Path Type:              Hold (Min at Fast Process Corner)
  Requirement:            0.000ns  (ap_clk rise@0.000ns - ap_clk rise@0.000ns)
  Data Path Delay:        0.291ns  (logic 0.209ns (71.796%)  route 0.082ns (28.204%))
  Logic Levels:           1  (LUT6=1)
  Clock Path Skew:        0.022ns (DCD - SCD - CPR)
    Destination Clock Delay (DCD):    0.432ns
    Source Clock Delay      (SCD):    0.410ns
    Clock Pessimism Removal (CPR):    -0.000ns

    Location             Delay type                Incr(ns)  Path(ns)    Netlist Resource(s)
  -------------------------------------------------------------------    -------------------
                         (clock ap_clk rise edge)     0.000     0.000 r  
                                                      0.000     0.000 r  ap_clk (IN)
                         net (fo=270, unset)          0.410     0.410    bd_0_i/hls_inst/inst/HLS_LINEAR_PERIPH_BUS_s_axi_U/ap_clk
    SLICE_X32Y75         FDRE                                         r  bd_0_i/hls_inst/inst/HLS_LINEAR_PERIPH_BUS_s_axi_U/int_y_reg[4]/C
  -------------------------------------------------------------------    -------------------
    SLICE_X32Y75         FDRE (Prop_fdre_C_Q)         0.164     0.574 r  bd_0_i/hls_inst/inst/HLS_LINEAR_PERIPH_BUS_s_axi_U/int_y_reg[4]/Q
                         net (fo=1, routed)           0.082     0.656    bd_0_i/hls_inst/inst/HLS_LINEAR_PERIPH_BUS_s_axi_U/int_y[4]
    SLICE_X33Y75         LUT6 (Prop_lut6_I4_O)        0.045     0.701 r  bd_0_i/hls_inst/inst/HLS_LINEAR_PERIPH_BUS_s_axi_U/rdata[4]_i_1/O
                         net (fo=1, routed)           0.000     0.701    bd_0_i/hls_inst/inst/HLS_LINEAR_PERIPH_BUS_s_axi_U/rdata[4]_i_1_n_0
    SLICE_X33Y75         FDRE                                         r  bd_0_i/hls_inst/inst/HLS_LINEAR_PERIPH_BUS_s_axi_U/rdata_reg[4]/D
  -------------------------------------------------------------------    -------------------

                         (clock ap_clk rise edge)     0.000     0.000 r  
                                                      0.000     0.000 r  ap_clk (IN)
                         net (fo=270, unset)          0.432     0.432    bd_0_i/hls_inst/inst/HLS_LINEAR_PERIPH_BUS_s_axi_U/ap_clk
    SLICE_X33Y75         FDRE                                         r  bd_0_i/hls_inst/inst/HLS_LINEAR_PERIPH_BUS_s_axi_U/rdata_reg[4]/C
                         clock pessimism              0.000     0.432    
    SLICE_X33Y75         FDRE (Hold_fdre_C_D)         0.091     0.523    bd_0_i/hls_inst/inst/HLS_LINEAR_PERIPH_BUS_s_axi_U/rdata_reg[4]
  -------------------------------------------------------------------
                         required time                         -0.523    
                         arrival time                           0.701    
  -------------------------------------------------------------------
                         slack                                  0.179    

Slack (MET) :             0.180ns  (arrival time - required time)
  Source:                 bd_0_i/hls_inst/inst/mul_32s_32s_32_2_1_U1/buff0_reg[13]__0/C
                            (rising edge-triggered cell FDRE clocked by ap_clk  {rise@0.000ns fall@5.000ns period=10.000ns})
  Destination:            bd_0_i/hls_inst/inst/mul_ln18_reg_109_reg[13]/D
                            (rising edge-triggered cell FDRE clocked by ap_clk  {rise@0.000ns fall@5.000ns period=10.000ns})
  Path Group:             ap_clk
  Path Type:              Hold (Min at Fast Process Corner)
  Requirement:            0.000ns  (ap_clk rise@0.000ns - ap_clk rise@0.000ns)
  Data Path Delay:        0.274ns  (logic 0.164ns (59.853%)  route 0.110ns (40.147%))
  Logic Levels:           0  
  Clock Path Skew:        0.022ns (DCD - SCD - CPR)
    Destination Clock Delay (DCD):    0.432ns
    Source Clock Delay      (SCD):    0.410ns
    Clock Pessimism Removal (CPR):    -0.000ns

    Location             Delay type                Incr(ns)  Path(ns)    Netlist Resource(s)
  -------------------------------------------------------------------    -------------------
                         (clock ap_clk rise edge)     0.000     0.000 r  
                                                      0.000     0.000 r  ap_clk (IN)
                         net (fo=270, unset)          0.410     0.410    bd_0_i/hls_inst/inst/mul_32s_32s_32_2_1_U1/ap_clk
    SLICE_X36Y77         FDRE                                         r  bd_0_i/hls_inst/inst/mul_32s_32s_32_2_1_U1/buff0_reg[13]__0/C
  -------------------------------------------------------------------    -------------------
    SLICE_X36Y77         FDRE (Prop_fdre_C_Q)         0.164     0.574 r  bd_0_i/hls_inst/inst/mul_32s_32s_32_2_1_U1/buff0_reg[13]__0/Q
                         net (fo=1, routed)           0.110     0.684    bd_0_i/hls_inst/inst/mul_32s_32s_32_2_1_U1_n_18
    SLICE_X37Y76         FDRE                                         r  bd_0_i/hls_inst/inst/mul_ln18_reg_109_reg[13]/D
  -------------------------------------------------------------------    -------------------

                         (clock ap_clk rise edge)     0.000     0.000 r  
                                                      0.000     0.000 r  ap_clk (IN)
                         net (fo=270, unset)          0.432     0.432    bd_0_i/hls_inst/inst/ap_clk
    SLICE_X37Y76         FDRE                                         r  bd_0_i/hls_inst/inst/mul_ln18_reg_109_reg[13]/C
                         clock pessimism              0.000     0.432    
    SLICE_X37Y76         FDRE (Hold_fdre_C_D)         0.072     0.504    bd_0_i/hls_inst/inst/mul_ln18_reg_109_reg[13]
  -------------------------------------------------------------------
                         required time                         -0.504    
                         arrival time                           0.684    
  -------------------------------------------------------------------
                         slack                                  0.180    





Pulse Width Checks
--------------------------------------------------------------------------------------
Clock Name:         ap_clk
Waveform(ns):       { 0.000 5.000 }
Period(ns):         10.000
Sources:            { ap_clk }

Check Type        Corner  Lib Pin      Reference Pin  Required(ns)  Actual(ns)  Slack(ns)  Location      Pin
Min Period        n/a     DSP48E1/CLK  n/a            3.884         10.000      6.116      DSP48_X2Y31   bd_0_i/hls_inst/inst/mul_32s_32s_32_2_1_U1/buff0_reg/CLK
Min Period        n/a     DSP48E1/CLK  n/a            3.884         10.000      6.116      DSP48_X2Y32   bd_0_i/hls_inst/inst/mul_32s_32s_32_2_1_U1/tmp_product/CLK
Min Period        n/a     FDSE/C       n/a            1.000         10.000      9.000      SLICE_X30Y74  bd_0_i/hls_inst/inst/ap_CS_fsm_reg[0]/C
Min Period        n/a     FDRE/C       n/a            1.000         10.000      9.000      SLICE_X30Y74  bd_0_i/hls_inst/inst/ap_CS_fsm_reg[1]/C
Min Period        n/a     FDRE/C       n/a            1.000         10.000      9.000      SLICE_X30Y76  bd_0_i/hls_inst/inst/ap_CS_fsm_reg[2]/C
Min Period        n/a     FDRE/C       n/a            1.000         10.000      9.000      SLICE_X33Y74  bd_0_i/hls_inst/inst/c_read_reg_94_reg[0]/C
Min Period        n/a     FDRE/C       n/a            1.000         10.000      9.000      SLICE_X33Y76  bd_0_i/hls_inst/inst/c_read_reg_94_reg[10]/C
Min Period        n/a     FDRE/C       n/a            1.000         10.000      9.000      SLICE_X33Y76  bd_0_i/hls_inst/inst/c_read_reg_94_reg[11]/C
Min Period        n/a     FDRE/C       n/a            1.000         10.000      9.000      SLICE_X33Y76  bd_0_i/hls_inst/inst/c_read_reg_94_reg[12]/C
Min Period        n/a     FDRE/C       n/a            1.000         10.000      9.000      SLICE_X33Y76  bd_0_i/hls_inst/inst/c_read_reg_94_reg[13]/C
Low Pulse Width   Slow    FDSE/C       n/a            0.500         5.000       4.500      SLICE_X30Y74  bd_0_i/hls_inst/inst/ap_CS_fsm_reg[0]/C
Low Pulse Width   Fast    FDSE/C       n/a            0.500         5.000       4.500      SLICE_X30Y74  bd_0_i/hls_inst/inst/ap_CS_fsm_reg[0]/C
Low Pulse Width   Slow    FDRE/C       n/a            0.500         5.000       4.500      SLICE_X30Y74  bd_0_i/hls_inst/inst/ap_CS_fsm_reg[1]/C
Low Pulse Width   Fast    FDRE/C       n/a            0.500         5.000       4.500      SLICE_X30Y74  bd_0_i/hls_inst/inst/ap_CS_fsm_reg[1]/C
Low Pulse Width   Slow    FDRE/C       n/a            0.500         5.000       4.500      SLICE_X30Y76  bd_0_i/hls_inst/inst/ap_CS_fsm_reg[2]/C
Low Pulse Width   Fast    FDRE/C       n/a            0.500         5.000       4.500      SLICE_X30Y76  bd_0_i/hls_inst/inst/ap_CS_fsm_reg[2]/C
Low Pulse Width   Slow    FDRE/C       n/a            0.500         5.000       4.500      SLICE_X33Y74  bd_0_i/hls_inst/inst/c_read_reg_94_reg[0]/C
Low Pulse Width   Fast    FDRE/C       n/a            0.500         5.000       4.500      SLICE_X33Y74  bd_0_i/hls_inst/inst/c_read_reg_94_reg[0]/C
Low Pulse Width   Slow    FDRE/C       n/a            0.500         5.000       4.500      SLICE_X33Y76  bd_0_i/hls_inst/inst/c_read_reg_94_reg[10]/C
Low Pulse Width   Fast    FDRE/C       n/a            0.500         5.000       4.500      SLICE_X33Y76  bd_0_i/hls_inst/inst/c_read_reg_94_reg[10]/C
High Pulse Width  Slow    FDSE/C       n/a            0.500         5.000       4.500      SLICE_X30Y74  bd_0_i/hls_inst/inst/ap_CS_fsm_reg[0]/C
High Pulse Width  Fast    FDSE/C       n/a            0.500         5.000       4.500      SLICE_X30Y74  bd_0_i/hls_inst/inst/ap_CS_fsm_reg[0]/C
High Pulse Width  Slow    FDRE/C       n/a            0.500         5.000       4.500      SLICE_X30Y74  bd_0_i/hls_inst/inst/ap_CS_fsm_reg[1]/C
High Pulse Width  Fast    FDRE/C       n/a            0.500         5.000       4.500      SLICE_X30Y74  bd_0_i/hls_inst/inst/ap_CS_fsm_reg[1]/C
High Pulse Width  Slow    FDRE/C       n/a            0.500         5.000       4.500      SLICE_X30Y76  bd_0_i/hls_inst/inst/ap_CS_fsm_reg[2]/C
High Pulse Width  Fast    FDRE/C       n/a            0.500         5.000       4.500      SLICE_X30Y76  bd_0_i/hls_inst/inst/ap_CS_fsm_reg[2]/C
High Pulse Width  Slow    FDRE/C       n/a            0.500         5.000       4.500      SLICE_X33Y74  bd_0_i/hls_inst/inst/c_read_reg_94_reg[0]/C
High Pulse Width  Fast    FDRE/C       n/a            0.500         5.000       4.500      SLICE_X33Y74  bd_0_i/hls_inst/inst/c_read_reg_94_reg[0]/C
High Pulse Width  Slow    FDRE/C       n/a            0.500         5.000       4.500      SLICE_X33Y76  bd_0_i/hls_inst/inst/c_read_reg_94_reg[10]/C
High Pulse Width  Fast    FDRE/C       n/a            0.500         5.000       4.500      SLICE_X33Y76  bd_0_i/hls_inst/inst/c_read_reg_94_reg[10]/C



--------------------------------------------------------------------------------------
Path Group:  (none)
From Clock:  ap_clk
  To Clock:  

Max Delay            38 Endpoints
Min Delay            38 Endpoints
--------------------------------------------------------------------------------------


Max Delay Paths
--------------------------------------------------------------------------------------
Slack:                    inf
  Source:                 bd_0_i/hls_inst/inst/HLS_LINEAR_PERIPH_BUS_s_axi_U/FSM_onehot_rstate_reg[1]/C
                            (rising edge-triggered cell FDRE clocked by ap_clk  {rise@0.000ns fall@5.000ns period=10.000ns})
  Destination:            s_axi_HLS_LINEAR_PERIPH_BUS_arready
                            (output port)
  Path Group:             (none)
  Path Type:              Max at Slow Process Corner
  Data Path Delay:        1.491ns  (logic 0.518ns (34.742%)  route 0.973ns (65.258%))
  Logic Levels:           0  
  Clock Uncertainty:      0.025ns  ((TSJ^2 + TIJ^2)^1/2 + DJ) / 2 + PE
    Total System Jitter     (TSJ):    0.050ns
    Total Input Jitter      (TIJ):    0.000ns
    Discrete Jitter          (DJ):    0.000ns
    Phase Error              (PE):    0.000ns

    Location             Delay type                Incr(ns)  Path(ns)    Netlist Resource(s)
  -------------------------------------------------------------------    -------------------
                         (clock ap_clk rise edge)     0.000     0.000 r  
                                                      0.000     0.000 r  ap_clk (IN)
                         net (fo=270, unset)          0.973     0.973    bd_0_i/hls_inst/inst/HLS_LINEAR_PERIPH_BUS_s_axi_U/ap_clk
    SLICE_X30Y75         FDRE                                         r  bd_0_i/hls_inst/inst/HLS_LINEAR_PERIPH_BUS_s_axi_U/FSM_onehot_rstate_reg[1]/C
  -------------------------------------------------------------------    -------------------
    SLICE_X30Y75         FDRE (Prop_fdre_C_Q)         0.518     1.491 r  bd_0_i/hls_inst/inst/HLS_LINEAR_PERIPH_BUS_s_axi_U/FSM_onehot_rstate_reg[1]/Q
                         net (fo=6, unset)            0.973     2.464    s_axi_HLS_LINEAR_PERIPH_BUS_arready
                                                                      r  s_axi_HLS_LINEAR_PERIPH_BUS_arready (OUT)
  -------------------------------------------------------------------    -------------------

Slack:                    inf
  Source:                 bd_0_i/hls_inst/inst/HLS_LINEAR_PERIPH_BUS_s_axi_U/rdata_reg[14]/C
                            (rising edge-triggered cell FDRE clocked by ap_clk  {rise@0.000ns fall@5.000ns period=10.000ns})
  Destination:            s_axi_HLS_LINEAR_PERIPH_BUS_rdata[14]
                            (output port)
  Path Group:             (none)
  Path Type:              Max at Slow Process Corner
  Data Path Delay:        1.491ns  (logic 0.518ns (34.742%)  route 0.973ns (65.258%))
  Logic Levels:           0  
  Clock Uncertainty:      0.025ns  ((TSJ^2 + TIJ^2)^1/2 + DJ) / 2 + PE
    Total System Jitter     (TSJ):    0.050ns
    Total Input Jitter      (TIJ):    0.000ns
    Discrete Jitter          (DJ):    0.000ns
    Phase Error              (PE):    0.000ns

    Location             Delay type                Incr(ns)  Path(ns)    Netlist Resource(s)
  -------------------------------------------------------------------    -------------------
                         (clock ap_clk rise edge)     0.000     0.000 r  
                                                      0.000     0.000 r  ap_clk (IN)
                         net (fo=270, unset)          0.973     0.973    bd_0_i/hls_inst/inst/HLS_LINEAR_PERIPH_BUS_s_axi_U/ap_clk
    SLICE_X34Y77         FDRE                                         r  bd_0_i/hls_inst/inst/HLS_LINEAR_PERIPH_BUS_s_axi_U/rdata_reg[14]/C
  -------------------------------------------------------------------    -------------------
    SLICE_X34Y77         FDRE (Prop_fdre_C_Q)         0.518     1.491 r  bd_0_i/hls_inst/inst/HLS_LINEAR_PERIPH_BUS_s_axi_U/rdata_reg[14]/Q
                         net (fo=0)                   0.973     2.464    s_axi_HLS_LINEAR_PERIPH_BUS_rdata[14]
                                                                      r  s_axi_HLS_LINEAR_PERIPH_BUS_rdata[14] (OUT)
  -------------------------------------------------------------------    -------------------

Slack:                    inf
  Source:                 bd_0_i/hls_inst/inst/HLS_LINEAR_PERIPH_BUS_s_axi_U/rdata_reg[15]/C
                            (rising edge-triggered cell FDRE clocked by ap_clk  {rise@0.000ns fall@5.000ns period=10.000ns})
  Destination:            s_axi_HLS_LINEAR_PERIPH_BUS_rdata[15]
                            (output port)
  Path Group:             (none)
  Path Type:              Max at Slow Process Corner
  Data Path Delay:        1.491ns  (logic 0.518ns (34.742%)  route 0.973ns (65.258%))
  Logic Levels:           0  
  Clock Uncertainty:      0.025ns  ((TSJ^2 + TIJ^2)^1/2 + DJ) / 2 + PE
    Total System Jitter     (TSJ):    0.050ns
    Total Input Jitter      (TIJ):    0.000ns
    Discrete Jitter          (DJ):    0.000ns
    Phase Error              (PE):    0.000ns

    Location             Delay type                Incr(ns)  Path(ns)    Netlist Resource(s)
  -------------------------------------------------------------------    -------------------
                         (clock ap_clk rise edge)     0.000     0.000 r  
                                                      0.000     0.000 r  ap_clk (IN)
                         net (fo=270, unset)          0.973     0.973    bd_0_i/hls_inst/inst/HLS_LINEAR_PERIPH_BUS_s_axi_U/ap_clk
    SLICE_X34Y77         FDRE                                         r  bd_0_i/hls_inst/inst/HLS_LINEAR_PERIPH_BUS_s_axi_U/rdata_reg[15]/C
  -------------------------------------------------------------------    -------------------
    SLICE_X34Y77         FDRE (Prop_fdre_C_Q)         0.518     1.491 r  bd_0_i/hls_inst/inst/HLS_LINEAR_PERIPH_BUS_s_axi_U/rdata_reg[15]/Q
                         net (fo=0)                   0.973     2.464    s_axi_HLS_LINEAR_PERIPH_BUS_rdata[15]
                                                                      r  s_axi_HLS_LINEAR_PERIPH_BUS_rdata[15] (OUT)
  -------------------------------------------------------------------    -------------------

Slack:                    inf
  Source:                 bd_0_i/hls_inst/inst/HLS_LINEAR_PERIPH_BUS_s_axi_U/rdata_reg[18]/C
                            (rising edge-triggered cell FDRE clocked by ap_clk  {rise@0.000ns fall@5.000ns period=10.000ns})
  Destination:            s_axi_HLS_LINEAR_PERIPH_BUS_rdata[18]
                            (output port)
  Path Group:             (none)
  Path Type:              Max at Slow Process Corner
  Data Path Delay:        1.491ns  (logic 0.518ns (34.742%)  route 0.973ns (65.258%))
  Logic Levels:           0  
  Clock Uncertainty:      0.025ns  ((TSJ^2 + TIJ^2)^1/2 + DJ) / 2 + PE
    Total System Jitter     (TSJ):    0.050ns
    Total Input Jitter      (TIJ):    0.000ns
    Discrete Jitter          (DJ):    0.000ns
    Phase Error              (PE):    0.000ns

    Location             Delay type                Incr(ns)  Path(ns)    Netlist Resource(s)
  -------------------------------------------------------------------    -------------------
                         (clock ap_clk rise edge)     0.000     0.000 r  
                                                      0.000     0.000 r  ap_clk (IN)
                         net (fo=270, unset)          0.973     0.973    bd_0_i/hls_inst/inst/HLS_LINEAR_PERIPH_BUS_s_axi_U/ap_clk
    SLICE_X34Y78         FDRE                                         r  bd_0_i/hls_inst/inst/HLS_LINEAR_PERIPH_BUS_s_axi_U/rdata_reg[18]/C
  -------------------------------------------------------------------    -------------------
    SLICE_X34Y78         FDRE (Prop_fdre_C_Q)         0.518     1.491 r  bd_0_i/hls_inst/inst/HLS_LINEAR_PERIPH_BUS_s_axi_U/rdata_reg[18]/Q
                         net (fo=0)                   0.973     2.464    s_axi_HLS_LINEAR_PERIPH_BUS_rdata[18]
                                                                      r  s_axi_HLS_LINEAR_PERIPH_BUS_rdata[18] (OUT)
  -------------------------------------------------------------------    -------------------

Slack:                    inf
  Source:                 bd_0_i/hls_inst/inst/HLS_LINEAR_PERIPH_BUS_s_axi_U/rdata_reg[19]/C
                            (rising edge-triggered cell FDRE clocked by ap_clk  {rise@0.000ns fall@5.000ns period=10.000ns})
  Destination:            s_axi_HLS_LINEAR_PERIPH_BUS_rdata[19]
                            (output port)
  Path Group:             (none)
  Path Type:              Max at Slow Process Corner
  Data Path Delay:        1.491ns  (logic 0.518ns (34.742%)  route 0.973ns (65.258%))
  Logic Levels:           0  
  Clock Uncertainty:      0.025ns  ((TSJ^2 + TIJ^2)^1/2 + DJ) / 2 + PE
    Total System Jitter     (TSJ):    0.050ns
    Total Input Jitter      (TIJ):    0.000ns
    Discrete Jitter          (DJ):    0.000ns
    Phase Error              (PE):    0.000ns

    Location             Delay type                Incr(ns)  Path(ns)    Netlist Resource(s)
  -------------------------------------------------------------------    -------------------
                         (clock ap_clk rise edge)     0.000     0.000 r  
                                                      0.000     0.000 r  ap_clk (IN)
                         net (fo=270, unset)          0.973     0.973    bd_0_i/hls_inst/inst/HLS_LINEAR_PERIPH_BUS_s_axi_U/ap_clk
    SLICE_X34Y78         FDRE                                         r  bd_0_i/hls_inst/inst/HLS_LINEAR_PERIPH_BUS_s_axi_U/rdata_reg[19]/C
  -------------------------------------------------------------------    -------------------
    SLICE_X34Y78         FDRE (Prop_fdre_C_Q)         0.518     1.491 r  bd_0_i/hls_inst/inst/HLS_LINEAR_PERIPH_BUS_s_axi_U/rdata_reg[19]/Q
                         net (fo=0)                   0.973     2.464    s_axi_HLS_LINEAR_PERIPH_BUS_rdata[19]
                                                                      r  s_axi_HLS_LINEAR_PERIPH_BUS_rdata[19] (OUT)
  -------------------------------------------------------------------    -------------------

Slack:                    inf
  Source:                 bd_0_i/hls_inst/inst/HLS_LINEAR_PERIPH_BUS_s_axi_U/rdata_reg[20]/C
                            (rising edge-triggered cell FDRE clocked by ap_clk  {rise@0.000ns fall@5.000ns period=10.000ns})
  Destination:            s_axi_HLS_LINEAR_PERIPH_BUS_rdata[20]
                            (output port)
  Path Group:             (none)
  Path Type:              Max at Slow Process Corner
  Data Path Delay:        1.491ns  (logic 0.518ns (34.742%)  route 0.973ns (65.258%))
  Logic Levels:           0  
  Clock Uncertainty:      0.025ns  ((TSJ^2 + TIJ^2)^1/2 + DJ) / 2 + PE
    Total System Jitter     (TSJ):    0.050ns
    Total Input Jitter      (TIJ):    0.000ns
    Discrete Jitter          (DJ):    0.000ns
    Phase Error              (PE):    0.000ns

    Location             Delay type                Incr(ns)  Path(ns)    Netlist Resource(s)
  -------------------------------------------------------------------    -------------------
                         (clock ap_clk rise edge)     0.000     0.000 r  
                                                      0.000     0.000 r  ap_clk (IN)
                         net (fo=270, unset)          0.973     0.973    bd_0_i/hls_inst/inst/HLS_LINEAR_PERIPH_BUS_s_axi_U/ap_clk
    SLICE_X34Y78         FDRE                                         r  bd_0_i/hls_inst/inst/HLS_LINEAR_PERIPH_BUS_s_axi_U/rdata_reg[20]/C
  -------------------------------------------------------------------    -------------------
    SLICE_X34Y78         FDRE (Prop_fdre_C_Q)         0.518     1.491 r  bd_0_i/hls_inst/inst/HLS_LINEAR_PERIPH_BUS_s_axi_U/rdata_reg[20]/Q
                         net (fo=0)                   0.973     2.464    s_axi_HLS_LINEAR_PERIPH_BUS_rdata[20]
                                                                      r  s_axi_HLS_LINEAR_PERIPH_BUS_rdata[20] (OUT)
  -------------------------------------------------------------------    -------------------

Slack:                    inf
  Source:                 bd_0_i/hls_inst/inst/HLS_LINEAR_PERIPH_BUS_s_axi_U/rdata_reg[23]/C
                            (rising edge-triggered cell FDRE clocked by ap_clk  {rise@0.000ns fall@5.000ns period=10.000ns})
  Destination:            s_axi_HLS_LINEAR_PERIPH_BUS_rdata[23]
                            (output port)
  Path Group:             (none)
  Path Type:              Max at Slow Process Corner
  Data Path Delay:        1.491ns  (logic 0.518ns (34.742%)  route 0.973ns (65.258%))
  Logic Levels:           0  
  Clock Uncertainty:      0.025ns  ((TSJ^2 + TIJ^2)^1/2 + DJ) / 2 + PE
    Total System Jitter     (TSJ):    0.050ns
    Total Input Jitter      (TIJ):    0.000ns
    Discrete Jitter          (DJ):    0.000ns
    Phase Error              (PE):    0.000ns

    Location             Delay type                Incr(ns)  Path(ns)    Netlist Resource(s)
  -------------------------------------------------------------------    -------------------
                         (clock ap_clk rise edge)     0.000     0.000 r  
                                                      0.000     0.000 r  ap_clk (IN)
                         net (fo=270, unset)          0.973     0.973    bd_0_i/hls_inst/inst/HLS_LINEAR_PERIPH_BUS_s_axi_U/ap_clk
    SLICE_X34Y78         FDRE                                         r  bd_0_i/hls_inst/inst/HLS_LINEAR_PERIPH_BUS_s_axi_U/rdata_reg[23]/C
  -------------------------------------------------------------------    -------------------
    SLICE_X34Y78         FDRE (Prop_fdre_C_Q)         0.518     1.491 r  bd_0_i/hls_inst/inst/HLS_LINEAR_PERIPH_BUS_s_axi_U/rdata_reg[23]/Q
                         net (fo=0)                   0.973     2.464    s_axi_HLS_LINEAR_PERIPH_BUS_rdata[23]
                                                                      r  s_axi_HLS_LINEAR_PERIPH_BUS_rdata[23] (OUT)
  -------------------------------------------------------------------    -------------------

Slack:                    inf
  Source:                 bd_0_i/hls_inst/inst/HLS_LINEAR_PERIPH_BUS_s_axi_U/rdata_reg[25]/C
                            (rising edge-triggered cell FDRE clocked by ap_clk  {rise@0.000ns fall@5.000ns period=10.000ns})
  Destination:            s_axi_HLS_LINEAR_PERIPH_BUS_rdata[25]
                            (output port)
  Path Group:             (none)
  Path Type:              Max at Slow Process Corner
  Data Path Delay:        1.491ns  (logic 0.518ns (34.742%)  route 0.973ns (65.258%))
  Logic Levels:           0  
  Clock Uncertainty:      0.025ns  ((TSJ^2 + TIJ^2)^1/2 + DJ) / 2 + PE
    Total System Jitter     (TSJ):    0.050ns
    Total Input Jitter      (TIJ):    0.000ns
    Discrete Jitter          (DJ):    0.000ns
    Phase Error              (PE):    0.000ns

    Location             Delay type                Incr(ns)  Path(ns)    Netlist Resource(s)
  -------------------------------------------------------------------    -------------------
                         (clock ap_clk rise edge)     0.000     0.000 r  
                                                      0.000     0.000 r  ap_clk (IN)
                         net (fo=270, unset)          0.973     0.973    bd_0_i/hls_inst/inst/HLS_LINEAR_PERIPH_BUS_s_axi_U/ap_clk
    SLICE_X34Y82         FDRE                                         r  bd_0_i/hls_inst/inst/HLS_LINEAR_PERIPH_BUS_s_axi_U/rdata_reg[25]/C
  -------------------------------------------------------------------    -------------------
    SLICE_X34Y82         FDRE (Prop_fdre_C_Q)         0.518     1.491 r  bd_0_i/hls_inst/inst/HLS_LINEAR_PERIPH_BUS_s_axi_U/rdata_reg[25]/Q
                         net (fo=0)                   0.973     2.464    s_axi_HLS_LINEAR_PERIPH_BUS_rdata[25]
                                                                      r  s_axi_HLS_LINEAR_PERIPH_BUS_rdata[25] (OUT)
  -------------------------------------------------------------------    -------------------

Slack:                    inf
  Source:                 bd_0_i/hls_inst/inst/HLS_LINEAR_PERIPH_BUS_s_axi_U/rdata_reg[27]/C
                            (rising edge-triggered cell FDRE clocked by ap_clk  {rise@0.000ns fall@5.000ns period=10.000ns})
  Destination:            s_axi_HLS_LINEAR_PERIPH_BUS_rdata[27]
                            (output port)
  Path Group:             (none)
  Path Type:              Max at Slow Process Corner
  Data Path Delay:        1.491ns  (logic 0.518ns (34.742%)  route 0.973ns (65.258%))
  Logic Levels:           0  
  Clock Uncertainty:      0.025ns  ((TSJ^2 + TIJ^2)^1/2 + DJ) / 2 + PE
    Total System Jitter     (TSJ):    0.050ns
    Total Input Jitter      (TIJ):    0.000ns
    Discrete Jitter          (DJ):    0.000ns
    Phase Error              (PE):    0.000ns

    Location             Delay type                Incr(ns)  Path(ns)    Netlist Resource(s)
  -------------------------------------------------------------------    -------------------
                         (clock ap_clk rise edge)     0.000     0.000 r  
                                                      0.000     0.000 r  ap_clk (IN)
                         net (fo=270, unset)          0.973     0.973    bd_0_i/hls_inst/inst/HLS_LINEAR_PERIPH_BUS_s_axi_U/ap_clk
    SLICE_X34Y82         FDRE                                         r  bd_0_i/hls_inst/inst/HLS_LINEAR_PERIPH_BUS_s_axi_U/rdata_reg[27]/C
  -------------------------------------------------------------------    -------------------
    SLICE_X34Y82         FDRE (Prop_fdre_C_Q)         0.518     1.491 r  bd_0_i/hls_inst/inst/HLS_LINEAR_PERIPH_BUS_s_axi_U/rdata_reg[27]/Q
                         net (fo=0)                   0.973     2.464    s_axi_HLS_LINEAR_PERIPH_BUS_rdata[27]
                                                                      r  s_axi_HLS_LINEAR_PERIPH_BUS_rdata[27] (OUT)
  -------------------------------------------------------------------    -------------------

Slack:                    inf
  Source:                 bd_0_i/hls_inst/inst/HLS_LINEAR_PERIPH_BUS_s_axi_U/rdata_reg[28]/C
                            (rising edge-triggered cell FDRE clocked by ap_clk  {rise@0.000ns fall@5.000ns period=10.000ns})
  Destination:            s_axi_HLS_LINEAR_PERIPH_BUS_rdata[28]
                            (output port)
  Path Group:             (none)
  Path Type:              Max at Slow Process Corner
  Data Path Delay:        1.491ns  (logic 0.518ns (34.742%)  route 0.973ns (65.258%))
  Logic Levels:           0  
  Clock Uncertainty:      0.025ns  ((TSJ^2 + TIJ^2)^1/2 + DJ) / 2 + PE
    Total System Jitter     (TSJ):    0.050ns
    Total Input Jitter      (TIJ):    0.000ns
    Discrete Jitter          (DJ):    0.000ns
    Phase Error              (PE):    0.000ns

    Location             Delay type                Incr(ns)  Path(ns)    Netlist Resource(s)
  -------------------------------------------------------------------    -------------------
                         (clock ap_clk rise edge)     0.000     0.000 r  
                                                      0.000     0.000 r  ap_clk (IN)
                         net (fo=270, unset)          0.973     0.973    bd_0_i/hls_inst/inst/HLS_LINEAR_PERIPH_BUS_s_axi_U/ap_clk
    SLICE_X34Y82         FDRE                                         r  bd_0_i/hls_inst/inst/HLS_LINEAR_PERIPH_BUS_s_axi_U/rdata_reg[28]/C
  -------------------------------------------------------------------    -------------------
    SLICE_X34Y82         FDRE (Prop_fdre_C_Q)         0.518     1.491 r  bd_0_i/hls_inst/inst/HLS_LINEAR_PERIPH_BUS_s_axi_U/rdata_reg[28]/Q
                         net (fo=0)                   0.973     2.464    s_axi_HLS_LINEAR_PERIPH_BUS_rdata[28]
                                                                      r  s_axi_HLS_LINEAR_PERIPH_BUS_rdata[28] (OUT)
  -------------------------------------------------------------------    -------------------





Min Delay Paths
--------------------------------------------------------------------------------------
Slack:                    inf
  Source:                 bd_0_i/hls_inst/inst/HLS_LINEAR_PERIPH_BUS_s_axi_U/FSM_onehot_wstate_reg[3]/C
                            (rising edge-triggered cell FDRE clocked by ap_clk  {rise@0.000ns fall@5.000ns period=10.000ns})
  Destination:            s_axi_HLS_LINEAR_PERIPH_BUS_bvalid
                            (output port)
  Path Group:             (none)
  Path Type:              Min at Fast Process Corner
  Data Path Delay:        0.538ns  (logic 0.128ns (23.786%)  route 0.410ns (76.214%))
  Logic Levels:           0  
  Clock Uncertainty:      0.025ns  ((TSJ^2 + TIJ^2)^1/2 + DJ) / 2 + PE
    Total System Jitter     (TSJ):    0.050ns
    Total Input Jitter      (TIJ):    0.000ns
    Discrete Jitter          (DJ):    0.000ns
    Phase Error              (PE):    0.000ns

    Location             Delay type                Incr(ns)  Path(ns)    Netlist Resource(s)
  -------------------------------------------------------------------    -------------------
                         (clock ap_clk rise edge)     0.000     0.000 r  
                                                      0.000     0.000 r  ap_clk (IN)
                         net (fo=270, unset)          0.410     0.410    bd_0_i/hls_inst/inst/HLS_LINEAR_PERIPH_BUS_s_axi_U/ap_clk
    SLICE_X28Y76         FDRE                                         r  bd_0_i/hls_inst/inst/HLS_LINEAR_PERIPH_BUS_s_axi_U/FSM_onehot_wstate_reg[3]/C
  -------------------------------------------------------------------    -------------------
    SLICE_X28Y76         FDRE (Prop_fdre_C_Q)         0.128     0.538 r  bd_0_i/hls_inst/inst/HLS_LINEAR_PERIPH_BUS_s_axi_U/FSM_onehot_wstate_reg[3]/Q
                         net (fo=2, unset)            0.410     0.948    s_axi_HLS_LINEAR_PERIPH_BUS_bvalid
                                                                      r  s_axi_HLS_LINEAR_PERIPH_BUS_bvalid (OUT)
  -------------------------------------------------------------------    -------------------

Slack:                    inf
  Source:                 bd_0_i/hls_inst/inst/HLS_LINEAR_PERIPH_BUS_s_axi_U/int_interrupt_reg/C
                            (rising edge-triggered cell FDRE clocked by ap_clk  {rise@0.000ns fall@5.000ns period=10.000ns})
  Destination:            interrupt
                            (output port)
  Path Group:             (none)
  Path Type:              Min at Fast Process Corner
  Data Path Delay:        0.551ns  (logic 0.141ns (25.583%)  route 0.410ns (74.417%))
  Logic Levels:           0  
  Clock Uncertainty:      0.025ns  ((TSJ^2 + TIJ^2)^1/2 + DJ) / 2 + PE
    Total System Jitter     (TSJ):    0.050ns
    Total Input Jitter      (TIJ):    0.000ns
    Discrete Jitter          (DJ):    0.000ns
    Phase Error              (PE):    0.000ns

    Location             Delay type                Incr(ns)  Path(ns)    Netlist Resource(s)
  -------------------------------------------------------------------    -------------------
                         (clock ap_clk rise edge)     0.000     0.000 r  
                                                      0.000     0.000 r  ap_clk (IN)
                         net (fo=270, unset)          0.410     0.410    bd_0_i/hls_inst/inst/HLS_LINEAR_PERIPH_BUS_s_axi_U/ap_clk
    SLICE_X31Y74         FDRE                                         r  bd_0_i/hls_inst/inst/HLS_LINEAR_PERIPH_BUS_s_axi_U/int_interrupt_reg/C
  -------------------------------------------------------------------    -------------------
    SLICE_X31Y74         FDRE (Prop_fdre_C_Q)         0.141     0.551 r  bd_0_i/hls_inst/inst/HLS_LINEAR_PERIPH_BUS_s_axi_U/int_interrupt_reg/Q
                         net (fo=1, unset)            0.410     0.961    interrupt
                                                                      r  interrupt (OUT)
  -------------------------------------------------------------------    -------------------

Slack:                    inf
  Source:                 bd_0_i/hls_inst/inst/HLS_LINEAR_PERIPH_BUS_s_axi_U/FSM_onehot_wstate_reg[1]/C
                            (rising edge-triggered cell FDRE clocked by ap_clk  {rise@0.000ns fall@5.000ns period=10.000ns})
  Destination:            s_axi_HLS_LINEAR_PERIPH_BUS_awready
                            (output port)
  Path Group:             (none)
  Path Type:              Min at Fast Process Corner
  Data Path Delay:        0.551ns  (logic 0.141ns (25.583%)  route 0.410ns (74.417%))
  Logic Levels:           0  
  Clock Uncertainty:      0.025ns  ((TSJ^2 + TIJ^2)^1/2 + DJ) / 2 + PE
    Total System Jitter     (TSJ):    0.050ns
    Total Input Jitter      (TIJ):    0.000ns
    Discrete Jitter          (DJ):    0.000ns
    Phase Error              (PE):    0.000ns

    Location             Delay type                Incr(ns)  Path(ns)    Netlist Resource(s)
  -------------------------------------------------------------------    -------------------
                         (clock ap_clk rise edge)     0.000     0.000 r  
                                                      0.000     0.000 r  ap_clk (IN)
                         net (fo=270, unset)          0.410     0.410    bd_0_i/hls_inst/inst/HLS_LINEAR_PERIPH_BUS_s_axi_U/ap_clk
    SLICE_X28Y76         FDRE                                         r  bd_0_i/hls_inst/inst/HLS_LINEAR_PERIPH_BUS_s_axi_U/FSM_onehot_wstate_reg[1]/C
  -------------------------------------------------------------------    -------------------
    SLICE_X28Y76         FDRE (Prop_fdre_C_Q)         0.141     0.551 r  bd_0_i/hls_inst/inst/HLS_LINEAR_PERIPH_BUS_s_axi_U/FSM_onehot_wstate_reg[1]/Q
                         net (fo=3, unset)            0.410     0.961    s_axi_HLS_LINEAR_PERIPH_BUS_awready
                                                                      r  s_axi_HLS_LINEAR_PERIPH_BUS_awready (OUT)
  -------------------------------------------------------------------    -------------------

Slack:                    inf
  Source:                 bd_0_i/hls_inst/inst/HLS_LINEAR_PERIPH_BUS_s_axi_U/rdata_reg[0]/C
                            (rising edge-triggered cell FDRE clocked by ap_clk  {rise@0.000ns fall@5.000ns period=10.000ns})
  Destination:            s_axi_HLS_LINEAR_PERIPH_BUS_rdata[0]
                            (output port)
  Path Group:             (none)
  Path Type:              Min at Fast Process Corner
  Data Path Delay:        0.551ns  (logic 0.141ns (25.583%)  route 0.410ns (74.417%))
  Logic Levels:           0  
  Clock Uncertainty:      0.025ns  ((TSJ^2 + TIJ^2)^1/2 + DJ) / 2 + PE
    Total System Jitter     (TSJ):    0.050ns
    Total Input Jitter      (TIJ):    0.000ns
    Discrete Jitter          (DJ):    0.000ns
    Phase Error              (PE):    0.000ns

    Location             Delay type                Incr(ns)  Path(ns)    Netlist Resource(s)
  -------------------------------------------------------------------    -------------------
                         (clock ap_clk rise edge)     0.000     0.000 r  
                                                      0.000     0.000 r  ap_clk (IN)
                         net (fo=270, unset)          0.410     0.410    bd_0_i/hls_inst/inst/HLS_LINEAR_PERIPH_BUS_s_axi_U/ap_clk
    SLICE_X29Y73         FDRE                                         r  bd_0_i/hls_inst/inst/HLS_LINEAR_PERIPH_BUS_s_axi_U/rdata_reg[0]/C
  -------------------------------------------------------------------    -------------------
    SLICE_X29Y73         FDRE (Prop_fdre_C_Q)         0.141     0.551 r  bd_0_i/hls_inst/inst/HLS_LINEAR_PERIPH_BUS_s_axi_U/rdata_reg[0]/Q
                         net (fo=1, unset)            0.410     0.961    s_axi_HLS_LINEAR_PERIPH_BUS_rdata[0]
                                                                      r  s_axi_HLS_LINEAR_PERIPH_BUS_rdata[0] (OUT)
  -------------------------------------------------------------------    -------------------

Slack:                    inf
  Source:                 bd_0_i/hls_inst/inst/HLS_LINEAR_PERIPH_BUS_s_axi_U/rdata_reg[10]/C
                            (rising edge-triggered cell FDRE clocked by ap_clk  {rise@0.000ns fall@5.000ns period=10.000ns})
  Destination:            s_axi_HLS_LINEAR_PERIPH_BUS_rdata[10]
                            (output port)
  Path Group:             (none)
  Path Type:              Min at Fast Process Corner
  Data Path Delay:        0.551ns  (logic 0.141ns (25.583%)  route 0.410ns (74.417%))
  Logic Levels:           0  
  Clock Uncertainty:      0.025ns  ((TSJ^2 + TIJ^2)^1/2 + DJ) / 2 + PE
    Total System Jitter     (TSJ):    0.050ns
    Total Input Jitter      (TIJ):    0.000ns
    Discrete Jitter          (DJ):    0.000ns
    Phase Error              (PE):    0.000ns

    Location             Delay type                Incr(ns)  Path(ns)    Netlist Resource(s)
  -------------------------------------------------------------------    -------------------
                         (clock ap_clk rise edge)     0.000     0.000 r  
                                                      0.000     0.000 r  ap_clk (IN)
                         net (fo=270, unset)          0.410     0.410    bd_0_i/hls_inst/inst/HLS_LINEAR_PERIPH_BUS_s_axi_U/ap_clk
    SLICE_X33Y77         FDRE                                         r  bd_0_i/hls_inst/inst/HLS_LINEAR_PERIPH_BUS_s_axi_U/rdata_reg[10]/C
  -------------------------------------------------------------------    -------------------
    SLICE_X33Y77         FDRE (Prop_fdre_C_Q)         0.141     0.551 r  bd_0_i/hls_inst/inst/HLS_LINEAR_PERIPH_BUS_s_axi_U/rdata_reg[10]/Q
                         net (fo=0)                   0.410     0.961    s_axi_HLS_LINEAR_PERIPH_BUS_rdata[10]
                                                                      r  s_axi_HLS_LINEAR_PERIPH_BUS_rdata[10] (OUT)
  -------------------------------------------------------------------    -------------------

Slack:                    inf
  Source:                 bd_0_i/hls_inst/inst/HLS_LINEAR_PERIPH_BUS_s_axi_U/rdata_reg[11]/C
                            (rising edge-triggered cell FDRE clocked by ap_clk  {rise@0.000ns fall@5.000ns period=10.000ns})
  Destination:            s_axi_HLS_LINEAR_PERIPH_BUS_rdata[11]
                            (output port)
  Path Group:             (none)
  Path Type:              Min at Fast Process Corner
  Data Path Delay:        0.551ns  (logic 0.141ns (25.583%)  route 0.410ns (74.417%))
  Logic Levels:           0  
  Clock Uncertainty:      0.025ns  ((TSJ^2 + TIJ^2)^1/2 + DJ) / 2 + PE
    Total System Jitter     (TSJ):    0.050ns
    Total Input Jitter      (TIJ):    0.000ns
    Discrete Jitter          (DJ):    0.000ns
    Phase Error              (PE):    0.000ns

    Location             Delay type                Incr(ns)  Path(ns)    Netlist Resource(s)
  -------------------------------------------------------------------    -------------------
                         (clock ap_clk rise edge)     0.000     0.000 r  
                                                      0.000     0.000 r  ap_clk (IN)
                         net (fo=270, unset)          0.410     0.410    bd_0_i/hls_inst/inst/HLS_LINEAR_PERIPH_BUS_s_axi_U/ap_clk
    SLICE_X33Y77         FDRE                                         r  bd_0_i/hls_inst/inst/HLS_LINEAR_PERIPH_BUS_s_axi_U/rdata_reg[11]/C
  -------------------------------------------------------------------    -------------------
    SLICE_X33Y77         FDRE (Prop_fdre_C_Q)         0.141     0.551 r  bd_0_i/hls_inst/inst/HLS_LINEAR_PERIPH_BUS_s_axi_U/rdata_reg[11]/Q
                         net (fo=0)                   0.410     0.961    s_axi_HLS_LINEAR_PERIPH_BUS_rdata[11]
                                                                      r  s_axi_HLS_LINEAR_PERIPH_BUS_rdata[11] (OUT)
  -------------------------------------------------------------------    -------------------

Slack:                    inf
  Source:                 bd_0_i/hls_inst/inst/HLS_LINEAR_PERIPH_BUS_s_axi_U/rdata_reg[12]/C
                            (rising edge-triggered cell FDRE clocked by ap_clk  {rise@0.000ns fall@5.000ns period=10.000ns})
  Destination:            s_axi_HLS_LINEAR_PERIPH_BUS_rdata[12]
                            (output port)
  Path Group:             (none)
  Path Type:              Min at Fast Process Corner
  Data Path Delay:        0.551ns  (logic 0.141ns (25.583%)  route 0.410ns (74.417%))
  Logic Levels:           0  
  Clock Uncertainty:      0.025ns  ((TSJ^2 + TIJ^2)^1/2 + DJ) / 2 + PE
    Total System Jitter     (TSJ):    0.050ns
    Total Input Jitter      (TIJ):    0.000ns
    Discrete Jitter          (DJ):    0.000ns
    Phase Error              (PE):    0.000ns

    Location             Delay type                Incr(ns)  Path(ns)    Netlist Resource(s)
  -------------------------------------------------------------------    -------------------
                         (clock ap_clk rise edge)     0.000     0.000 r  
                                                      0.000     0.000 r  ap_clk (IN)
                         net (fo=270, unset)          0.410     0.410    bd_0_i/hls_inst/inst/HLS_LINEAR_PERIPH_BUS_s_axi_U/ap_clk
    SLICE_X33Y77         FDRE                                         r  bd_0_i/hls_inst/inst/HLS_LINEAR_PERIPH_BUS_s_axi_U/rdata_reg[12]/C
  -------------------------------------------------------------------    -------------------
    SLICE_X33Y77         FDRE (Prop_fdre_C_Q)         0.141     0.551 r  bd_0_i/hls_inst/inst/HLS_LINEAR_PERIPH_BUS_s_axi_U/rdata_reg[12]/Q
                         net (fo=0)                   0.410     0.961    s_axi_HLS_LINEAR_PERIPH_BUS_rdata[12]
                                                                      r  s_axi_HLS_LINEAR_PERIPH_BUS_rdata[12] (OUT)
  -------------------------------------------------------------------    -------------------

Slack:                    inf
  Source:                 bd_0_i/hls_inst/inst/HLS_LINEAR_PERIPH_BUS_s_axi_U/rdata_reg[13]/C
                            (rising edge-triggered cell FDRE clocked by ap_clk  {rise@0.000ns fall@5.000ns period=10.000ns})
  Destination:            s_axi_HLS_LINEAR_PERIPH_BUS_rdata[13]
                            (output port)
  Path Group:             (none)
  Path Type:              Min at Fast Process Corner
  Data Path Delay:        0.551ns  (logic 0.141ns (25.583%)  route 0.410ns (74.417%))
  Logic Levels:           0  
  Clock Uncertainty:      0.025ns  ((TSJ^2 + TIJ^2)^1/2 + DJ) / 2 + PE
    Total System Jitter     (TSJ):    0.050ns
    Total Input Jitter      (TIJ):    0.000ns
    Discrete Jitter          (DJ):    0.000ns
    Phase Error              (PE):    0.000ns

    Location             Delay type                Incr(ns)  Path(ns)    Netlist Resource(s)
  -------------------------------------------------------------------    -------------------
                         (clock ap_clk rise edge)     0.000     0.000 r  
                                                      0.000     0.000 r  ap_clk (IN)
                         net (fo=270, unset)          0.410     0.410    bd_0_i/hls_inst/inst/HLS_LINEAR_PERIPH_BUS_s_axi_U/ap_clk
    SLICE_X33Y77         FDRE                                         r  bd_0_i/hls_inst/inst/HLS_LINEAR_PERIPH_BUS_s_axi_U/rdata_reg[13]/C
  -------------------------------------------------------------------    -------------------
    SLICE_X33Y77         FDRE (Prop_fdre_C_Q)         0.141     0.551 r  bd_0_i/hls_inst/inst/HLS_LINEAR_PERIPH_BUS_s_axi_U/rdata_reg[13]/Q
                         net (fo=0)                   0.410     0.961    s_axi_HLS_LINEAR_PERIPH_BUS_rdata[13]
                                                                      r  s_axi_HLS_LINEAR_PERIPH_BUS_rdata[13] (OUT)
  -------------------------------------------------------------------    -------------------

Slack:                    inf
  Source:                 bd_0_i/hls_inst/inst/HLS_LINEAR_PERIPH_BUS_s_axi_U/rdata_reg[16]/C
                            (rising edge-triggered cell FDRE clocked by ap_clk  {rise@0.000ns fall@5.000ns period=10.000ns})
  Destination:            s_axi_HLS_LINEAR_PERIPH_BUS_rdata[16]
                            (output port)
  Path Group:             (none)
  Path Type:              Min at Fast Process Corner
  Data Path Delay:        0.551ns  (logic 0.141ns (25.583%)  route 0.410ns (74.417%))
  Logic Levels:           0  
  Clock Uncertainty:      0.025ns  ((TSJ^2 + TIJ^2)^1/2 + DJ) / 2 + PE
    Total System Jitter     (TSJ):    0.050ns
    Total Input Jitter      (TIJ):    0.000ns
    Discrete Jitter          (DJ):    0.000ns
    Phase Error              (PE):    0.000ns

    Location             Delay type                Incr(ns)  Path(ns)    Netlist Resource(s)
  -------------------------------------------------------------------    -------------------
                         (clock ap_clk rise edge)     0.000     0.000 r  
                                                      0.000     0.000 r  ap_clk (IN)
                         net (fo=270, unset)          0.410     0.410    bd_0_i/hls_inst/inst/HLS_LINEAR_PERIPH_BUS_s_axi_U/ap_clk
    SLICE_X33Y82         FDRE                                         r  bd_0_i/hls_inst/inst/HLS_LINEAR_PERIPH_BUS_s_axi_U/rdata_reg[16]/C
  -------------------------------------------------------------------    -------------------
    SLICE_X33Y82         FDRE (Prop_fdre_C_Q)         0.141     0.551 r  bd_0_i/hls_inst/inst/HLS_LINEAR_PERIPH_BUS_s_axi_U/rdata_reg[16]/Q
                         net (fo=0)                   0.410     0.961    s_axi_HLS_LINEAR_PERIPH_BUS_rdata[16]
                                                                      r  s_axi_HLS_LINEAR_PERIPH_BUS_rdata[16] (OUT)
  -------------------------------------------------------------------    -------------------

Slack:                    inf
  Source:                 bd_0_i/hls_inst/inst/HLS_LINEAR_PERIPH_BUS_s_axi_U/rdata_reg[17]/C
                            (rising edge-triggered cell FDRE clocked by ap_clk  {rise@0.000ns fall@5.000ns period=10.000ns})
  Destination:            s_axi_HLS_LINEAR_PERIPH_BUS_rdata[17]
                            (output port)
  Path Group:             (none)
  Path Type:              Min at Fast Process Corner
  Data Path Delay:        0.551ns  (logic 0.141ns (25.583%)  route 0.410ns (74.417%))
  Logic Levels:           0  
  Clock Uncertainty:      0.025ns  ((TSJ^2 + TIJ^2)^1/2 + DJ) / 2 + PE
    Total System Jitter     (TSJ):    0.050ns
    Total Input Jitter      (TIJ):    0.000ns
    Discrete Jitter          (DJ):    0.000ns
    Phase Error              (PE):    0.000ns

    Location             Delay type                Incr(ns)  Path(ns)    Netlist Resource(s)
  -------------------------------------------------------------------    -------------------
                         (clock ap_clk rise edge)     0.000     0.000 r  
                                                      0.000     0.000 r  ap_clk (IN)
                         net (fo=270, unset)          0.410     0.410    bd_0_i/hls_inst/inst/HLS_LINEAR_PERIPH_BUS_s_axi_U/ap_clk
    SLICE_X33Y82         FDRE                                         r  bd_0_i/hls_inst/inst/HLS_LINEAR_PERIPH_BUS_s_axi_U/rdata_reg[17]/C
  -------------------------------------------------------------------    -------------------
    SLICE_X33Y82         FDRE (Prop_fdre_C_Q)         0.141     0.551 r  bd_0_i/hls_inst/inst/HLS_LINEAR_PERIPH_BUS_s_axi_U/rdata_reg[17]/Q
                         net (fo=0)                   0.410     0.961    s_axi_HLS_LINEAR_PERIPH_BUS_rdata[17]
                                                                      r  s_axi_HLS_LINEAR_PERIPH_BUS_rdata[17] (OUT)
  -------------------------------------------------------------------    -------------------





--------------------------------------------------------------------------------------
Path Group:  (none)
From Clock:  
  To Clock:  ap_clk

Max Delay           575 Endpoints
Min Delay           575 Endpoints
--------------------------------------------------------------------------------------


Max Delay Paths
--------------------------------------------------------------------------------------
Slack:                    inf
  Source:                 s_axi_HLS_LINEAR_PERIPH_BUS_arvalid
                            (input port)
  Destination:            bd_0_i/hls_inst/inst/HLS_LINEAR_PERIPH_BUS_s_axi_U/rdata_reg[18]/R
                            (rising edge-triggered cell FDRE clocked by ap_clk  {rise@0.000ns fall@5.000ns period=10.000ns})
  Path Group:             (none)
  Path Type:              Setup (Max at Slow Process Corner)
  Data Path Delay:        3.441ns  (logic 0.248ns (7.208%)  route 3.193ns (92.792%))
  Logic Levels:           2  (LUT2=1 LUT6=1)
  Clock Path Skew:        0.924ns (DCD - SCD + CPR)
    Destination Clock Delay (DCD):    0.924ns
    Source Clock Delay      (SCD):    0.000ns
    Clock Pessimism Removal (CPR):    0.000ns
  Clock Uncertainty:      0.025ns  ((TSJ^2 + TIJ^2)^1/2 + DJ) / 2 + PE
    Total System Jitter     (TSJ):    0.050ns
    Total Input Jitter      (TIJ):    0.000ns
    Discrete Jitter          (DJ):    0.000ns
    Phase Error              (PE):    0.000ns

    Location             Delay type                Incr(ns)  Path(ns)    Netlist Resource(s)
  -------------------------------------------------------------------    -------------------
                                                      0.000     0.000 r  s_axi_HLS_LINEAR_PERIPH_BUS_arvalid (IN)
                         net (fo=5, unset)            0.973     0.973    bd_0_i/hls_inst/inst/HLS_LINEAR_PERIPH_BUS_s_axi_U/s_axi_HLS_LINEAR_PERIPH_BUS_ARVALID
    SLICE_X31Y75         LUT2 (Prop_lut2_I1_O)        0.124     1.097 r  bd_0_i/hls_inst/inst/HLS_LINEAR_PERIPH_BUS_s_axi_U/rdata[31]_i_2/O
                         net (fo=33, routed)          1.472     2.569    bd_0_i/hls_inst/inst/HLS_LINEAR_PERIPH_BUS_s_axi_U/ar_hs
    SLICE_X35Y83         LUT6 (Prop_lut6_I0_O)        0.124     2.693 r  bd_0_i/hls_inst/inst/HLS_LINEAR_PERIPH_BUS_s_axi_U/rdata[31]_i_1/O
                         net (fo=16, routed)          0.748     3.441    bd_0_i/hls_inst/inst/HLS_LINEAR_PERIPH_BUS_s_axi_U/rdata[31]_i_1_n_0
    SLICE_X34Y78         FDRE                                         r  bd_0_i/hls_inst/inst/HLS_LINEAR_PERIPH_BUS_s_axi_U/rdata_reg[18]/R
  -------------------------------------------------------------------    -------------------

                         (clock ap_clk rise edge)     0.000     0.000 r  
                                                      0.000     0.000 r  ap_clk (IN)
                         net (fo=270, unset)          0.924     0.924    bd_0_i/hls_inst/inst/HLS_LINEAR_PERIPH_BUS_s_axi_U/ap_clk
    SLICE_X34Y78         FDRE                                         r  bd_0_i/hls_inst/inst/HLS_LINEAR_PERIPH_BUS_s_axi_U/rdata_reg[18]/C

Slack:                    inf
  Source:                 s_axi_HLS_LINEAR_PERIPH_BUS_arvalid
                            (input port)
  Destination:            bd_0_i/hls_inst/inst/HLS_LINEAR_PERIPH_BUS_s_axi_U/rdata_reg[19]/R
                            (rising edge-triggered cell FDRE clocked by ap_clk  {rise@0.000ns fall@5.000ns period=10.000ns})
  Path Group:             (none)
  Path Type:              Setup (Max at Slow Process Corner)
  Data Path Delay:        3.441ns  (logic 0.248ns (7.208%)  route 3.193ns (92.792%))
  Logic Levels:           2  (LUT2=1 LUT6=1)
  Clock Path Skew:        0.924ns (DCD - SCD + CPR)
    Destination Clock Delay (DCD):    0.924ns
    Source Clock Delay      (SCD):    0.000ns
    Clock Pessimism Removal (CPR):    0.000ns
  Clock Uncertainty:      0.025ns  ((TSJ^2 + TIJ^2)^1/2 + DJ) / 2 + PE
    Total System Jitter     (TSJ):    0.050ns
    Total Input Jitter      (TIJ):    0.000ns
    Discrete Jitter          (DJ):    0.000ns
    Phase Error              (PE):    0.000ns

    Location             Delay type                Incr(ns)  Path(ns)    Netlist Resource(s)
  -------------------------------------------------------------------    -------------------
                                                      0.000     0.000 r  s_axi_HLS_LINEAR_PERIPH_BUS_arvalid (IN)
                         net (fo=5, unset)            0.973     0.973    bd_0_i/hls_inst/inst/HLS_LINEAR_PERIPH_BUS_s_axi_U/s_axi_HLS_LINEAR_PERIPH_BUS_ARVALID
    SLICE_X31Y75         LUT2 (Prop_lut2_I1_O)        0.124     1.097 r  bd_0_i/hls_inst/inst/HLS_LINEAR_PERIPH_BUS_s_axi_U/rdata[31]_i_2/O
                         net (fo=33, routed)          1.472     2.569    bd_0_i/hls_inst/inst/HLS_LINEAR_PERIPH_BUS_s_axi_U/ar_hs
    SLICE_X35Y83         LUT6 (Prop_lut6_I0_O)        0.124     2.693 r  bd_0_i/hls_inst/inst/HLS_LINEAR_PERIPH_BUS_s_axi_U/rdata[31]_i_1/O
                         net (fo=16, routed)          0.748     3.441    bd_0_i/hls_inst/inst/HLS_LINEAR_PERIPH_BUS_s_axi_U/rdata[31]_i_1_n_0
    SLICE_X34Y78         FDRE                                         r  bd_0_i/hls_inst/inst/HLS_LINEAR_PERIPH_BUS_s_axi_U/rdata_reg[19]/R
  -------------------------------------------------------------------    -------------------

                         (clock ap_clk rise edge)     0.000     0.000 r  
                                                      0.000     0.000 r  ap_clk (IN)
                         net (fo=270, unset)          0.924     0.924    bd_0_i/hls_inst/inst/HLS_LINEAR_PERIPH_BUS_s_axi_U/ap_clk
    SLICE_X34Y78         FDRE                                         r  bd_0_i/hls_inst/inst/HLS_LINEAR_PERIPH_BUS_s_axi_U/rdata_reg[19]/C

Slack:                    inf
  Source:                 s_axi_HLS_LINEAR_PERIPH_BUS_arvalid
                            (input port)
  Destination:            bd_0_i/hls_inst/inst/HLS_LINEAR_PERIPH_BUS_s_axi_U/rdata_reg[20]/R
                            (rising edge-triggered cell FDRE clocked by ap_clk  {rise@0.000ns fall@5.000ns period=10.000ns})
  Path Group:             (none)
  Path Type:              Setup (Max at Slow Process Corner)
  Data Path Delay:        3.441ns  (logic 0.248ns (7.208%)  route 3.193ns (92.792%))
  Logic Levels:           2  (LUT2=1 LUT6=1)
  Clock Path Skew:        0.924ns (DCD - SCD + CPR)
    Destination Clock Delay (DCD):    0.924ns
    Source Clock Delay      (SCD):    0.000ns
    Clock Pessimism Removal (CPR):    0.000ns
  Clock Uncertainty:      0.025ns  ((TSJ^2 + TIJ^2)^1/2 + DJ) / 2 + PE
    Total System Jitter     (TSJ):    0.050ns
    Total Input Jitter      (TIJ):    0.000ns
    Discrete Jitter          (DJ):    0.000ns
    Phase Error              (PE):    0.000ns

    Location             Delay type                Incr(ns)  Path(ns)    Netlist Resource(s)
  -------------------------------------------------------------------    -------------------
                                                      0.000     0.000 r  s_axi_HLS_LINEAR_PERIPH_BUS_arvalid (IN)
                         net (fo=5, unset)            0.973     0.973    bd_0_i/hls_inst/inst/HLS_LINEAR_PERIPH_BUS_s_axi_U/s_axi_HLS_LINEAR_PERIPH_BUS_ARVALID
    SLICE_X31Y75         LUT2 (Prop_lut2_I1_O)        0.124     1.097 r  bd_0_i/hls_inst/inst/HLS_LINEAR_PERIPH_BUS_s_axi_U/rdata[31]_i_2/O
                         net (fo=33, routed)          1.472     2.569    bd_0_i/hls_inst/inst/HLS_LINEAR_PERIPH_BUS_s_axi_U/ar_hs
    SLICE_X35Y83         LUT6 (Prop_lut6_I0_O)        0.124     2.693 r  bd_0_i/hls_inst/inst/HLS_LINEAR_PERIPH_BUS_s_axi_U/rdata[31]_i_1/O
                         net (fo=16, routed)          0.748     3.441    bd_0_i/hls_inst/inst/HLS_LINEAR_PERIPH_BUS_s_axi_U/rdata[31]_i_1_n_0
    SLICE_X34Y78         FDRE                                         r  bd_0_i/hls_inst/inst/HLS_LINEAR_PERIPH_BUS_s_axi_U/rdata_reg[20]/R
  -------------------------------------------------------------------    -------------------

                         (clock ap_clk rise edge)     0.000     0.000 r  
                                                      0.000     0.000 r  ap_clk (IN)
                         net (fo=270, unset)          0.924     0.924    bd_0_i/hls_inst/inst/HLS_LINEAR_PERIPH_BUS_s_axi_U/ap_clk
    SLICE_X34Y78         FDRE                                         r  bd_0_i/hls_inst/inst/HLS_LINEAR_PERIPH_BUS_s_axi_U/rdata_reg[20]/C

Slack:                    inf
  Source:                 s_axi_HLS_LINEAR_PERIPH_BUS_arvalid
                            (input port)
  Destination:            bd_0_i/hls_inst/inst/HLS_LINEAR_PERIPH_BUS_s_axi_U/rdata_reg[23]/R
                            (rising edge-triggered cell FDRE clocked by ap_clk  {rise@0.000ns fall@5.000ns period=10.000ns})
  Path Group:             (none)
  Path Type:              Setup (Max at Slow Process Corner)
  Data Path Delay:        3.441ns  (logic 0.248ns (7.208%)  route 3.193ns (92.792%))
  Logic Levels:           2  (LUT2=1 LUT6=1)
  Clock Path Skew:        0.924ns (DCD - SCD + CPR)
    Destination Clock Delay (DCD):    0.924ns
    Source Clock Delay      (SCD):    0.000ns
    Clock Pessimism Removal (CPR):    0.000ns
  Clock Uncertainty:      0.025ns  ((TSJ^2 + TIJ^2)^1/2 + DJ) / 2 + PE
    Total System Jitter     (TSJ):    0.050ns
    Total Input Jitter      (TIJ):    0.000ns
    Discrete Jitter          (DJ):    0.000ns
    Phase Error              (PE):    0.000ns

    Location             Delay type                Incr(ns)  Path(ns)    Netlist Resource(s)
  -------------------------------------------------------------------    -------------------
                                                      0.000     0.000 r  s_axi_HLS_LINEAR_PERIPH_BUS_arvalid (IN)
                         net (fo=5, unset)            0.973     0.973    bd_0_i/hls_inst/inst/HLS_LINEAR_PERIPH_BUS_s_axi_U/s_axi_HLS_LINEAR_PERIPH_BUS_ARVALID
    SLICE_X31Y75         LUT2 (Prop_lut2_I1_O)        0.124     1.097 r  bd_0_i/hls_inst/inst/HLS_LINEAR_PERIPH_BUS_s_axi_U/rdata[31]_i_2/O
                         net (fo=33, routed)          1.472     2.569    bd_0_i/hls_inst/inst/HLS_LINEAR_PERIPH_BUS_s_axi_U/ar_hs
    SLICE_X35Y83         LUT6 (Prop_lut6_I0_O)        0.124     2.693 r  bd_0_i/hls_inst/inst/HLS_LINEAR_PERIPH_BUS_s_axi_U/rdata[31]_i_1/O
                         net (fo=16, routed)          0.748     3.441    bd_0_i/hls_inst/inst/HLS_LINEAR_PERIPH_BUS_s_axi_U/rdata[31]_i_1_n_0
    SLICE_X34Y78         FDRE                                         r  bd_0_i/hls_inst/inst/HLS_LINEAR_PERIPH_BUS_s_axi_U/rdata_reg[23]/R
  -------------------------------------------------------------------    -------------------

                         (clock ap_clk rise edge)     0.000     0.000 r  
                                                      0.000     0.000 r  ap_clk (IN)
                         net (fo=270, unset)          0.924     0.924    bd_0_i/hls_inst/inst/HLS_LINEAR_PERIPH_BUS_s_axi_U/ap_clk
    SLICE_X34Y78         FDRE                                         r  bd_0_i/hls_inst/inst/HLS_LINEAR_PERIPH_BUS_s_axi_U/rdata_reg[23]/C

Slack:                    inf
  Source:                 s_axi_HLS_LINEAR_PERIPH_BUS_arvalid
                            (input port)
  Destination:            bd_0_i/hls_inst/inst/HLS_LINEAR_PERIPH_BUS_s_axi_U/rdata_reg[16]/R
                            (rising edge-triggered cell FDRE clocked by ap_clk  {rise@0.000ns fall@5.000ns period=10.000ns})
  Path Group:             (none)
  Path Type:              Setup (Max at Slow Process Corner)
  Data Path Delay:        3.350ns  (logic 0.248ns (7.403%)  route 3.102ns (92.597%))
  Logic Levels:           2  (LUT2=1 LUT6=1)
  Clock Path Skew:        0.924ns (DCD - SCD + CPR)
    Destination Clock Delay (DCD):    0.924ns
    Source Clock Delay      (SCD):    0.000ns
    Clock Pessimism Removal (CPR):    0.000ns
  Clock Uncertainty:      0.025ns  ((TSJ^2 + TIJ^2)^1/2 + DJ) / 2 + PE
    Total System Jitter     (TSJ):    0.050ns
    Total Input Jitter      (TIJ):    0.000ns
    Discrete Jitter          (DJ):    0.000ns
    Phase Error              (PE):    0.000ns

    Location             Delay type                Incr(ns)  Path(ns)    Netlist Resource(s)
  -------------------------------------------------------------------    -------------------
                                                      0.000     0.000 r  s_axi_HLS_LINEAR_PERIPH_BUS_arvalid (IN)
                         net (fo=5, unset)            0.973     0.973    bd_0_i/hls_inst/inst/HLS_LINEAR_PERIPH_BUS_s_axi_U/s_axi_HLS_LINEAR_PERIPH_BUS_ARVALID
    SLICE_X31Y75         LUT2 (Prop_lut2_I1_O)        0.124     1.097 r  bd_0_i/hls_inst/inst/HLS_LINEAR_PERIPH_BUS_s_axi_U/rdata[31]_i_2/O
                         net (fo=33, routed)          1.472     2.569    bd_0_i/hls_inst/inst/HLS_LINEAR_PERIPH_BUS_s_axi_U/ar_hs
    SLICE_X35Y83         LUT6 (Prop_lut6_I0_O)        0.124     2.693 r  bd_0_i/hls_inst/inst/HLS_LINEAR_PERIPH_BUS_s_axi_U/rdata[31]_i_1/O
                         net (fo=16, routed)          0.657     3.350    bd_0_i/hls_inst/inst/HLS_LINEAR_PERIPH_BUS_s_axi_U/rdata[31]_i_1_n_0
    SLICE_X33Y82         FDRE                                         r  bd_0_i/hls_inst/inst/HLS_LINEAR_PERIPH_BUS_s_axi_U/rdata_reg[16]/R
  -------------------------------------------------------------------    -------------------

                         (clock ap_clk rise edge)     0.000     0.000 r  
                                                      0.000     0.000 r  ap_clk (IN)
                         net (fo=270, unset)          0.924     0.924    bd_0_i/hls_inst/inst/HLS_LINEAR_PERIPH_BUS_s_axi_U/ap_clk
    SLICE_X33Y82         FDRE                                         r  bd_0_i/hls_inst/inst/HLS_LINEAR_PERIPH_BUS_s_axi_U/rdata_reg[16]/C

Slack:                    inf
  Source:                 s_axi_HLS_LINEAR_PERIPH_BUS_arvalid
                            (input port)
  Destination:            bd_0_i/hls_inst/inst/HLS_LINEAR_PERIPH_BUS_s_axi_U/rdata_reg[17]/R
                            (rising edge-triggered cell FDRE clocked by ap_clk  {rise@0.000ns fall@5.000ns period=10.000ns})
  Path Group:             (none)
  Path Type:              Setup (Max at Slow Process Corner)
  Data Path Delay:        3.350ns  (logic 0.248ns (7.403%)  route 3.102ns (92.597%))
  Logic Levels:           2  (LUT2=1 LUT6=1)
  Clock Path Skew:        0.924ns (DCD - SCD + CPR)
    Destination Clock Delay (DCD):    0.924ns
    Source Clock Delay      (SCD):    0.000ns
    Clock Pessimism Removal (CPR):    0.000ns
  Clock Uncertainty:      0.025ns  ((TSJ^2 + TIJ^2)^1/2 + DJ) / 2 + PE
    Total System Jitter     (TSJ):    0.050ns
    Total Input Jitter      (TIJ):    0.000ns
    Discrete Jitter          (DJ):    0.000ns
    Phase Error              (PE):    0.000ns

    Location             Delay type                Incr(ns)  Path(ns)    Netlist Resource(s)
  -------------------------------------------------------------------    -------------------
                                                      0.000     0.000 r  s_axi_HLS_LINEAR_PERIPH_BUS_arvalid (IN)
                         net (fo=5, unset)            0.973     0.973    bd_0_i/hls_inst/inst/HLS_LINEAR_PERIPH_BUS_s_axi_U/s_axi_HLS_LINEAR_PERIPH_BUS_ARVALID
    SLICE_X31Y75         LUT2 (Prop_lut2_I1_O)        0.124     1.097 r  bd_0_i/hls_inst/inst/HLS_LINEAR_PERIPH_BUS_s_axi_U/rdata[31]_i_2/O
                         net (fo=33, routed)          1.472     2.569    bd_0_i/hls_inst/inst/HLS_LINEAR_PERIPH_BUS_s_axi_U/ar_hs
    SLICE_X35Y83         LUT6 (Prop_lut6_I0_O)        0.124     2.693 r  bd_0_i/hls_inst/inst/HLS_LINEAR_PERIPH_BUS_s_axi_U/rdata[31]_i_1/O
                         net (fo=16, routed)          0.657     3.350    bd_0_i/hls_inst/inst/HLS_LINEAR_PERIPH_BUS_s_axi_U/rdata[31]_i_1_n_0
    SLICE_X33Y82         FDRE                                         r  bd_0_i/hls_inst/inst/HLS_LINEAR_PERIPH_BUS_s_axi_U/rdata_reg[17]/R
  -------------------------------------------------------------------    -------------------

                         (clock ap_clk rise edge)     0.000     0.000 r  
                                                      0.000     0.000 r  ap_clk (IN)
                         net (fo=270, unset)          0.924     0.924    bd_0_i/hls_inst/inst/HLS_LINEAR_PERIPH_BUS_s_axi_U/ap_clk
    SLICE_X33Y82         FDRE                                         r  bd_0_i/hls_inst/inst/HLS_LINEAR_PERIPH_BUS_s_axi_U/rdata_reg[17]/C

Slack:                    inf
  Source:                 s_axi_HLS_LINEAR_PERIPH_BUS_arvalid
                            (input port)
  Destination:            bd_0_i/hls_inst/inst/HLS_LINEAR_PERIPH_BUS_s_axi_U/rdata_reg[22]/R
                            (rising edge-triggered cell FDRE clocked by ap_clk  {rise@0.000ns fall@5.000ns period=10.000ns})
  Path Group:             (none)
  Path Type:              Setup (Max at Slow Process Corner)
  Data Path Delay:        3.350ns  (logic 0.248ns (7.403%)  route 3.102ns (92.597%))
  Logic Levels:           2  (LUT2=1 LUT6=1)
  Clock Path Skew:        0.924ns (DCD - SCD + CPR)
    Destination Clock Delay (DCD):    0.924ns
    Source Clock Delay      (SCD):    0.000ns
    Clock Pessimism Removal (CPR):    0.000ns
  Clock Uncertainty:      0.025ns  ((TSJ^2 + TIJ^2)^1/2 + DJ) / 2 + PE
    Total System Jitter     (TSJ):    0.050ns
    Total Input Jitter      (TIJ):    0.000ns
    Discrete Jitter          (DJ):    0.000ns
    Phase Error              (PE):    0.000ns

    Location             Delay type                Incr(ns)  Path(ns)    Netlist Resource(s)
  -------------------------------------------------------------------    -------------------
                                                      0.000     0.000 r  s_axi_HLS_LINEAR_PERIPH_BUS_arvalid (IN)
                         net (fo=5, unset)            0.973     0.973    bd_0_i/hls_inst/inst/HLS_LINEAR_PERIPH_BUS_s_axi_U/s_axi_HLS_LINEAR_PERIPH_BUS_ARVALID
    SLICE_X31Y75         LUT2 (Prop_lut2_I1_O)        0.124     1.097 r  bd_0_i/hls_inst/inst/HLS_LINEAR_PERIPH_BUS_s_axi_U/rdata[31]_i_2/O
                         net (fo=33, routed)          1.472     2.569    bd_0_i/hls_inst/inst/HLS_LINEAR_PERIPH_BUS_s_axi_U/ar_hs
    SLICE_X35Y83         LUT6 (Prop_lut6_I0_O)        0.124     2.693 r  bd_0_i/hls_inst/inst/HLS_LINEAR_PERIPH_BUS_s_axi_U/rdata[31]_i_1/O
                         net (fo=16, routed)          0.657     3.350    bd_0_i/hls_inst/inst/HLS_LINEAR_PERIPH_BUS_s_axi_U/rdata[31]_i_1_n_0
    SLICE_X33Y82         FDRE                                         r  bd_0_i/hls_inst/inst/HLS_LINEAR_PERIPH_BUS_s_axi_U/rdata_reg[22]/R
  -------------------------------------------------------------------    -------------------

                         (clock ap_clk rise edge)     0.000     0.000 r  
                                                      0.000     0.000 r  ap_clk (IN)
                         net (fo=270, unset)          0.924     0.924    bd_0_i/hls_inst/inst/HLS_LINEAR_PERIPH_BUS_s_axi_U/ap_clk
    SLICE_X33Y82         FDRE                                         r  bd_0_i/hls_inst/inst/HLS_LINEAR_PERIPH_BUS_s_axi_U/rdata_reg[22]/C

Slack:                    inf
  Source:                 s_axi_HLS_LINEAR_PERIPH_BUS_arvalid
                            (input port)
  Destination:            bd_0_i/hls_inst/inst/HLS_LINEAR_PERIPH_BUS_s_axi_U/rdata_reg[24]/R
                            (rising edge-triggered cell FDRE clocked by ap_clk  {rise@0.000ns fall@5.000ns period=10.000ns})
  Path Group:             (none)
  Path Type:              Setup (Max at Slow Process Corner)
  Data Path Delay:        3.350ns  (logic 0.248ns (7.403%)  route 3.102ns (92.597%))
  Logic Levels:           2  (LUT2=1 LUT6=1)
  Clock Path Skew:        0.924ns (DCD - SCD + CPR)
    Destination Clock Delay (DCD):    0.924ns
    Source Clock Delay      (SCD):    0.000ns
    Clock Pessimism Removal (CPR):    0.000ns
  Clock Uncertainty:      0.025ns  ((TSJ^2 + TIJ^2)^1/2 + DJ) / 2 + PE
    Total System Jitter     (TSJ):    0.050ns
    Total Input Jitter      (TIJ):    0.000ns
    Discrete Jitter          (DJ):    0.000ns
    Phase Error              (PE):    0.000ns

    Location             Delay type                Incr(ns)  Path(ns)    Netlist Resource(s)
  -------------------------------------------------------------------    -------------------
                                                      0.000     0.000 r  s_axi_HLS_LINEAR_PERIPH_BUS_arvalid (IN)
                         net (fo=5, unset)            0.973     0.973    bd_0_i/hls_inst/inst/HLS_LINEAR_PERIPH_BUS_s_axi_U/s_axi_HLS_LINEAR_PERIPH_BUS_ARVALID
    SLICE_X31Y75         LUT2 (Prop_lut2_I1_O)        0.124     1.097 r  bd_0_i/hls_inst/inst/HLS_LINEAR_PERIPH_BUS_s_axi_U/rdata[31]_i_2/O
                         net (fo=33, routed)          1.472     2.569    bd_0_i/hls_inst/inst/HLS_LINEAR_PERIPH_BUS_s_axi_U/ar_hs
    SLICE_X35Y83         LUT6 (Prop_lut6_I0_O)        0.124     2.693 r  bd_0_i/hls_inst/inst/HLS_LINEAR_PERIPH_BUS_s_axi_U/rdata[31]_i_1/O
                         net (fo=16, routed)          0.657     3.350    bd_0_i/hls_inst/inst/HLS_LINEAR_PERIPH_BUS_s_axi_U/rdata[31]_i_1_n_0
    SLICE_X33Y82         FDRE                                         r  bd_0_i/hls_inst/inst/HLS_LINEAR_PERIPH_BUS_s_axi_U/rdata_reg[24]/R
  -------------------------------------------------------------------    -------------------

                         (clock ap_clk rise edge)     0.000     0.000 r  
                                                      0.000     0.000 r  ap_clk (IN)
                         net (fo=270, unset)          0.924     0.924    bd_0_i/hls_inst/inst/HLS_LINEAR_PERIPH_BUS_s_axi_U/ap_clk
    SLICE_X33Y82         FDRE                                         r  bd_0_i/hls_inst/inst/HLS_LINEAR_PERIPH_BUS_s_axi_U/rdata_reg[24]/C

Slack:                    inf
  Source:                 s_axi_HLS_LINEAR_PERIPH_BUS_arvalid
                            (input port)
  Destination:            bd_0_i/hls_inst/inst/HLS_LINEAR_PERIPH_BUS_s_axi_U/rdata_reg[25]/R
                            (rising edge-triggered cell FDRE clocked by ap_clk  {rise@0.000ns fall@5.000ns period=10.000ns})
  Path Group:             (none)
  Path Type:              Setup (Max at Slow Process Corner)
  Data Path Delay:        3.302ns  (logic 0.248ns (7.510%)  route 3.054ns (92.490%))
  Logic Levels:           2  (LUT2=1 LUT6=1)
  Clock Path Skew:        0.924ns (DCD - SCD + CPR)
    Destination Clock Delay (DCD):    0.924ns
    Source Clock Delay      (SCD):    0.000ns
    Clock Pessimism Removal (CPR):    0.000ns
  Clock Uncertainty:      0.025ns  ((TSJ^2 + TIJ^2)^1/2 + DJ) / 2 + PE
    Total System Jitter     (TSJ):    0.050ns
    Total Input Jitter      (TIJ):    0.000ns
    Discrete Jitter          (DJ):    0.000ns
    Phase Error              (PE):    0.000ns

    Location             Delay type                Incr(ns)  Path(ns)    Netlist Resource(s)
  -------------------------------------------------------------------    -------------------
                                                      0.000     0.000 r  s_axi_HLS_LINEAR_PERIPH_BUS_arvalid (IN)
                         net (fo=5, unset)            0.973     0.973    bd_0_i/hls_inst/inst/HLS_LINEAR_PERIPH_BUS_s_axi_U/s_axi_HLS_LINEAR_PERIPH_BUS_ARVALID
    SLICE_X31Y75         LUT2 (Prop_lut2_I1_O)        0.124     1.097 r  bd_0_i/hls_inst/inst/HLS_LINEAR_PERIPH_BUS_s_axi_U/rdata[31]_i_2/O
                         net (fo=33, routed)          1.472     2.569    bd_0_i/hls_inst/inst/HLS_LINEAR_PERIPH_BUS_s_axi_U/ar_hs
    SLICE_X35Y83         LUT6 (Prop_lut6_I0_O)        0.124     2.693 r  bd_0_i/hls_inst/inst/HLS_LINEAR_PERIPH_BUS_s_axi_U/rdata[31]_i_1/O
                         net (fo=16, routed)          0.610     3.302    bd_0_i/hls_inst/inst/HLS_LINEAR_PERIPH_BUS_s_axi_U/rdata[31]_i_1_n_0
    SLICE_X34Y82         FDRE                                         r  bd_0_i/hls_inst/inst/HLS_LINEAR_PERIPH_BUS_s_axi_U/rdata_reg[25]/R
  -------------------------------------------------------------------    -------------------

                         (clock ap_clk rise edge)     0.000     0.000 r  
                                                      0.000     0.000 r  ap_clk (IN)
                         net (fo=270, unset)          0.924     0.924    bd_0_i/hls_inst/inst/HLS_LINEAR_PERIPH_BUS_s_axi_U/ap_clk
    SLICE_X34Y82         FDRE                                         r  bd_0_i/hls_inst/inst/HLS_LINEAR_PERIPH_BUS_s_axi_U/rdata_reg[25]/C

Slack:                    inf
  Source:                 s_axi_HLS_LINEAR_PERIPH_BUS_arvalid
                            (input port)
  Destination:            bd_0_i/hls_inst/inst/HLS_LINEAR_PERIPH_BUS_s_axi_U/rdata_reg[27]/R
                            (rising edge-triggered cell FDRE clocked by ap_clk  {rise@0.000ns fall@5.000ns period=10.000ns})
  Path Group:             (none)
  Path Type:              Setup (Max at Slow Process Corner)
  Data Path Delay:        3.302ns  (logic 0.248ns (7.510%)  route 3.054ns (92.490%))
  Logic Levels:           2  (LUT2=1 LUT6=1)
  Clock Path Skew:        0.924ns (DCD - SCD + CPR)
    Destination Clock Delay (DCD):    0.924ns
    Source Clock Delay      (SCD):    0.000ns
    Clock Pessimism Removal (CPR):    0.000ns
  Clock Uncertainty:      0.025ns  ((TSJ^2 + TIJ^2)^1/2 + DJ) / 2 + PE
    Total System Jitter     (TSJ):    0.050ns
    Total Input Jitter      (TIJ):    0.000ns
    Discrete Jitter          (DJ):    0.000ns
    Phase Error              (PE):    0.000ns

    Location             Delay type                Incr(ns)  Path(ns)    Netlist Resource(s)
  -------------------------------------------------------------------    -------------------
                                                      0.000     0.000 r  s_axi_HLS_LINEAR_PERIPH_BUS_arvalid (IN)
                         net (fo=5, unset)            0.973     0.973    bd_0_i/hls_inst/inst/HLS_LINEAR_PERIPH_BUS_s_axi_U/s_axi_HLS_LINEAR_PERIPH_BUS_ARVALID
    SLICE_X31Y75         LUT2 (Prop_lut2_I1_O)        0.124     1.097 r  bd_0_i/hls_inst/inst/HLS_LINEAR_PERIPH_BUS_s_axi_U/rdata[31]_i_2/O
                         net (fo=33, routed)          1.472     2.569    bd_0_i/hls_inst/inst/HLS_LINEAR_PERIPH_BUS_s_axi_U/ar_hs
    SLICE_X35Y83         LUT6 (Prop_lut6_I0_O)        0.124     2.693 r  bd_0_i/hls_inst/inst/HLS_LINEAR_PERIPH_BUS_s_axi_U/rdata[31]_i_1/O
                         net (fo=16, routed)          0.610     3.302    bd_0_i/hls_inst/inst/HLS_LINEAR_PERIPH_BUS_s_axi_U/rdata[31]_i_1_n_0
    SLICE_X34Y82         FDRE                                         r  bd_0_i/hls_inst/inst/HLS_LINEAR_PERIPH_BUS_s_axi_U/rdata_reg[27]/R
  -------------------------------------------------------------------    -------------------

                         (clock ap_clk rise edge)     0.000     0.000 r  
                                                      0.000     0.000 r  ap_clk (IN)
                         net (fo=270, unset)          0.924     0.924    bd_0_i/hls_inst/inst/HLS_LINEAR_PERIPH_BUS_s_axi_U/ap_clk
    SLICE_X34Y82         FDRE                                         r  bd_0_i/hls_inst/inst/HLS_LINEAR_PERIPH_BUS_s_axi_U/rdata_reg[27]/C





Min Delay Paths
--------------------------------------------------------------------------------------
Slack:                    inf
  Source:                 s_axi_HLS_LINEAR_PERIPH_BUS_awaddr[2]
                            (input port)
  Destination:            bd_0_i/hls_inst/inst/HLS_LINEAR_PERIPH_BUS_s_axi_U/waddr_reg[2]/D
                            (rising edge-triggered cell FDRE clocked by ap_clk  {rise@0.000ns fall@5.000ns period=10.000ns})
  Path Group:             (none)
  Path Type:              Hold (Min at Fast Process Corner)
  Data Path Delay:        0.410ns  (logic 0.000ns (0.000%)  route 0.410ns (100.000%))
  Logic Levels:           0  
  Clock Path Skew:        0.432ns (DCD - SCD - CPR)
    Destination Clock Delay (DCD):    0.432ns
    Source Clock Delay      (SCD):    0.000ns
    Clock Pessimism Removal (CPR):    -0.000ns

    Location             Delay type                Incr(ns)  Path(ns)    Netlist Resource(s)
  -------------------------------------------------------------------    -------------------
                                                      0.000     0.000 r  s_axi_HLS_LINEAR_PERIPH_BUS_awaddr[2] (IN)
                         net (fo=0)                   0.410     0.410    bd_0_i/hls_inst/inst/HLS_LINEAR_PERIPH_BUS_s_axi_U/s_axi_HLS_LINEAR_PERIPH_BUS_AWADDR[0]
    SLICE_X28Y75         FDRE                                         r  bd_0_i/hls_inst/inst/HLS_LINEAR_PERIPH_BUS_s_axi_U/waddr_reg[2]/D
  -------------------------------------------------------------------    -------------------

                         (clock ap_clk rise edge)     0.000     0.000 r  
                                                      0.000     0.000 r  ap_clk (IN)
                         net (fo=270, unset)          0.432     0.432    bd_0_i/hls_inst/inst/HLS_LINEAR_PERIPH_BUS_s_axi_U/ap_clk
    SLICE_X28Y75         FDRE                                         r  bd_0_i/hls_inst/inst/HLS_LINEAR_PERIPH_BUS_s_axi_U/waddr_reg[2]/C

Slack:                    inf
  Source:                 s_axi_HLS_LINEAR_PERIPH_BUS_awaddr[3]
                            (input port)
  Destination:            bd_0_i/hls_inst/inst/HLS_LINEAR_PERIPH_BUS_s_axi_U/waddr_reg[3]/D
                            (rising edge-triggered cell FDRE clocked by ap_clk  {rise@0.000ns fall@5.000ns period=10.000ns})
  Path Group:             (none)
  Path Type:              Hold (Min at Fast Process Corner)
  Data Path Delay:        0.410ns  (logic 0.000ns (0.000%)  route 0.410ns (100.000%))
  Logic Levels:           0  
  Clock Path Skew:        0.432ns (DCD - SCD - CPR)
    Destination Clock Delay (DCD):    0.432ns
    Source Clock Delay      (SCD):    0.000ns
    Clock Pessimism Removal (CPR):    -0.000ns

    Location             Delay type                Incr(ns)  Path(ns)    Netlist Resource(s)
  -------------------------------------------------------------------    -------------------
                                                      0.000     0.000 r  s_axi_HLS_LINEAR_PERIPH_BUS_awaddr[3] (IN)
                         net (fo=0)                   0.410     0.410    bd_0_i/hls_inst/inst/HLS_LINEAR_PERIPH_BUS_s_axi_U/s_axi_HLS_LINEAR_PERIPH_BUS_AWADDR[1]
    SLICE_X28Y75         FDRE                                         r  bd_0_i/hls_inst/inst/HLS_LINEAR_PERIPH_BUS_s_axi_U/waddr_reg[3]/D
  -------------------------------------------------------------------    -------------------

                         (clock ap_clk rise edge)     0.000     0.000 r  
                                                      0.000     0.000 r  ap_clk (IN)
                         net (fo=270, unset)          0.432     0.432    bd_0_i/hls_inst/inst/HLS_LINEAR_PERIPH_BUS_s_axi_U/ap_clk
    SLICE_X28Y75         FDRE                                         r  bd_0_i/hls_inst/inst/HLS_LINEAR_PERIPH_BUS_s_axi_U/waddr_reg[3]/C

Slack:                    inf
  Source:                 s_axi_HLS_LINEAR_PERIPH_BUS_awaddr[4]
                            (input port)
  Destination:            bd_0_i/hls_inst/inst/HLS_LINEAR_PERIPH_BUS_s_axi_U/waddr_reg[4]/D
                            (rising edge-triggered cell FDRE clocked by ap_clk  {rise@0.000ns fall@5.000ns period=10.000ns})
  Path Group:             (none)
  Path Type:              Hold (Min at Fast Process Corner)
  Data Path Delay:        0.410ns  (logic 0.000ns (0.000%)  route 0.410ns (100.000%))
  Logic Levels:           0  
  Clock Path Skew:        0.432ns (DCD - SCD - CPR)
    Destination Clock Delay (DCD):    0.432ns
    Source Clock Delay      (SCD):    0.000ns
    Clock Pessimism Removal (CPR):    -0.000ns

    Location             Delay type                Incr(ns)  Path(ns)    Netlist Resource(s)
  -------------------------------------------------------------------    -------------------
                                                      0.000     0.000 r  s_axi_HLS_LINEAR_PERIPH_BUS_awaddr[4] (IN)
                         net (fo=0)                   0.410     0.410    bd_0_i/hls_inst/inst/HLS_LINEAR_PERIPH_BUS_s_axi_U/s_axi_HLS_LINEAR_PERIPH_BUS_AWADDR[2]
    SLICE_X28Y75         FDRE                                         r  bd_0_i/hls_inst/inst/HLS_LINEAR_PERIPH_BUS_s_axi_U/waddr_reg[4]/D
  -------------------------------------------------------------------    -------------------

                         (clock ap_clk rise edge)     0.000     0.000 r  
                                                      0.000     0.000 r  ap_clk (IN)
                         net (fo=270, unset)          0.432     0.432    bd_0_i/hls_inst/inst/HLS_LINEAR_PERIPH_BUS_s_axi_U/ap_clk
    SLICE_X28Y75         FDRE                                         r  bd_0_i/hls_inst/inst/HLS_LINEAR_PERIPH_BUS_s_axi_U/waddr_reg[4]/C

Slack:                    inf
  Source:                 s_axi_HLS_LINEAR_PERIPH_BUS_awaddr[5]
                            (input port)
  Destination:            bd_0_i/hls_inst/inst/HLS_LINEAR_PERIPH_BUS_s_axi_U/waddr_reg[5]/D
                            (rising edge-triggered cell FDRE clocked by ap_clk  {rise@0.000ns fall@5.000ns period=10.000ns})
  Path Group:             (none)
  Path Type:              Hold (Min at Fast Process Corner)
  Data Path Delay:        0.410ns  (logic 0.000ns (0.000%)  route 0.410ns (100.000%))
  Logic Levels:           0  
  Clock Path Skew:        0.432ns (DCD - SCD - CPR)
    Destination Clock Delay (DCD):    0.432ns
    Source Clock Delay      (SCD):    0.000ns
    Clock Pessimism Removal (CPR):    -0.000ns

    Location             Delay type                Incr(ns)  Path(ns)    Netlist Resource(s)
  -------------------------------------------------------------------    -------------------
                                                      0.000     0.000 r  s_axi_HLS_LINEAR_PERIPH_BUS_awaddr[5] (IN)
                         net (fo=0)                   0.410     0.410    bd_0_i/hls_inst/inst/HLS_LINEAR_PERIPH_BUS_s_axi_U/s_axi_HLS_LINEAR_PERIPH_BUS_AWADDR[3]
    SLICE_X28Y75         FDRE                                         r  bd_0_i/hls_inst/inst/HLS_LINEAR_PERIPH_BUS_s_axi_U/waddr_reg[5]/D
  -------------------------------------------------------------------    -------------------

                         (clock ap_clk rise edge)     0.000     0.000 r  
                                                      0.000     0.000 r  ap_clk (IN)
                         net (fo=270, unset)          0.432     0.432    bd_0_i/hls_inst/inst/HLS_LINEAR_PERIPH_BUS_s_axi_U/ap_clk
    SLICE_X28Y75         FDRE                                         r  bd_0_i/hls_inst/inst/HLS_LINEAR_PERIPH_BUS_s_axi_U/waddr_reg[5]/C

Slack:                    inf
  Source:                 s_axi_HLS_LINEAR_PERIPH_BUS_araddr[4]
                            (input port)
  Destination:            bd_0_i/hls_inst/inst/HLS_LINEAR_PERIPH_BUS_s_axi_U/int_y_ap_vld_reg/D
                            (rising edge-triggered cell FDRE clocked by ap_clk  {rise@0.000ns fall@5.000ns period=10.000ns})
  Path Group:             (none)
  Path Type:              Hold (Min at Fast Process Corner)
  Data Path Delay:        0.452ns  (logic 0.042ns (9.289%)  route 0.410ns (90.711%))
  Logic Levels:           1  (LUT4=1)
  Clock Path Skew:        0.432ns (DCD - SCD - CPR)
    Destination Clock Delay (DCD):    0.432ns
    Source Clock Delay      (SCD):    0.000ns
    Clock Pessimism Removal (CPR):    -0.000ns

    Location             Delay type                Incr(ns)  Path(ns)    Netlist Resource(s)
  -------------------------------------------------------------------    -------------------
                                                      0.000     0.000 r  s_axi_HLS_LINEAR_PERIPH_BUS_araddr[4] (IN)
                         net (fo=54, unset)           0.410     0.410    bd_0_i/hls_inst/inst/HLS_LINEAR_PERIPH_BUS_s_axi_U/s_axi_HLS_LINEAR_PERIPH_BUS_ARADDR[4]
    SLICE_X28Y74         LUT4 (Prop_lut4_I0_O)        0.042     0.452 r  bd_0_i/hls_inst/inst/HLS_LINEAR_PERIPH_BUS_s_axi_U/int_y_ap_vld_i_1/O
                         net (fo=1, routed)           0.000     0.452    bd_0_i/hls_inst/inst/HLS_LINEAR_PERIPH_BUS_s_axi_U/int_y_ap_vld_i_1_n_0
    SLICE_X28Y74         FDRE                                         r  bd_0_i/hls_inst/inst/HLS_LINEAR_PERIPH_BUS_s_axi_U/int_y_ap_vld_reg/D
  -------------------------------------------------------------------    -------------------

                         (clock ap_clk rise edge)     0.000     0.000 r  
                                                      0.000     0.000 r  ap_clk (IN)
                         net (fo=270, unset)          0.432     0.432    bd_0_i/hls_inst/inst/HLS_LINEAR_PERIPH_BUS_s_axi_U/ap_clk
    SLICE_X28Y74         FDRE                                         r  bd_0_i/hls_inst/inst/HLS_LINEAR_PERIPH_BUS_s_axi_U/int_y_ap_vld_reg/C

Slack:                    inf
  Source:                 s_axi_HLS_LINEAR_PERIPH_BUS_arvalid
                            (input port)
  Destination:            bd_0_i/hls_inst/inst/HLS_LINEAR_PERIPH_BUS_s_axi_U/FSM_onehot_rstate_reg[2]/D
                            (rising edge-triggered cell FDRE clocked by ap_clk  {rise@0.000ns fall@5.000ns period=10.000ns})
  Path Group:             (none)
  Path Type:              Hold (Min at Fast Process Corner)
  Data Path Delay:        0.453ns  (logic 0.043ns (9.489%)  route 0.410ns (90.511%))
  Logic Levels:           1  (LUT4=1)
  Clock Path Skew:        0.432ns (DCD - SCD - CPR)
    Destination Clock Delay (DCD):    0.432ns
    Source Clock Delay      (SCD):    0.000ns
    Clock Pessimism Removal (CPR):    -0.000ns

    Location             Delay type                Incr(ns)  Path(ns)    Netlist Resource(s)
  -------------------------------------------------------------------    -------------------
                                                      0.000     0.000 r  s_axi_HLS_LINEAR_PERIPH_BUS_arvalid (IN)
                         net (fo=5, unset)            0.410     0.410    bd_0_i/hls_inst/inst/HLS_LINEAR_PERIPH_BUS_s_axi_U/s_axi_HLS_LINEAR_PERIPH_BUS_ARVALID
    SLICE_X30Y75         LUT4 (Prop_lut4_I2_O)        0.043     0.453 r  bd_0_i/hls_inst/inst/HLS_LINEAR_PERIPH_BUS_s_axi_U/FSM_onehot_rstate[2]_i_1/O
                         net (fo=1, routed)           0.000     0.453    bd_0_i/hls_inst/inst/HLS_LINEAR_PERIPH_BUS_s_axi_U/FSM_onehot_rstate[2]_i_1_n_0
    SLICE_X30Y75         FDRE                                         r  bd_0_i/hls_inst/inst/HLS_LINEAR_PERIPH_BUS_s_axi_U/FSM_onehot_rstate_reg[2]/D
  -------------------------------------------------------------------    -------------------

                         (clock ap_clk rise edge)     0.000     0.000 r  
                                                      0.000     0.000 r  ap_clk (IN)
                         net (fo=270, unset)          0.432     0.432    bd_0_i/hls_inst/inst/HLS_LINEAR_PERIPH_BUS_s_axi_U/ap_clk
    SLICE_X30Y75         FDRE                                         r  bd_0_i/hls_inst/inst/HLS_LINEAR_PERIPH_BUS_s_axi_U/FSM_onehot_rstate_reg[2]/C

Slack:                    inf
  Source:                 s_axi_HLS_LINEAR_PERIPH_BUS_wdata[5]
                            (input port)
  Destination:            bd_0_i/hls_inst/inst/HLS_LINEAR_PERIPH_BUS_s_axi_U/int_c_reg[5]/D
                            (rising edge-triggered cell FDRE clocked by ap_clk  {rise@0.000ns fall@5.000ns period=10.000ns})
  Path Group:             (none)
  Path Type:              Hold (Min at Fast Process Corner)
  Data Path Delay:        0.453ns  (logic 0.043ns (9.489%)  route 0.410ns (90.511%))
  Logic Levels:           1  (LUT3=1)
  Clock Path Skew:        0.432ns (DCD - SCD - CPR)
    Destination Clock Delay (DCD):    0.432ns
    Source Clock Delay      (SCD):    0.000ns
    Clock Pessimism Removal (CPR):    -0.000ns

    Location             Delay type                Incr(ns)  Path(ns)    Netlist Resource(s)
  -------------------------------------------------------------------    -------------------
                                                      0.000     0.000 r  s_axi_HLS_LINEAR_PERIPH_BUS_wdata[5] (IN)
                         net (fo=2, unset)            0.410     0.410    bd_0_i/hls_inst/inst/HLS_LINEAR_PERIPH_BUS_s_axi_U/s_axi_HLS_LINEAR_PERIPH_BUS_WDATA[5]
    SLICE_X33Y73         LUT3 (Prop_lut3_I2_O)        0.043     0.453 r  bd_0_i/hls_inst/inst/HLS_LINEAR_PERIPH_BUS_s_axi_U/int_c[5]_i_1/O
                         net (fo=1, routed)           0.000     0.453    bd_0_i/hls_inst/inst/HLS_LINEAR_PERIPH_BUS_s_axi_U/int_c0[5]
    SLICE_X33Y73         FDRE                                         r  bd_0_i/hls_inst/inst/HLS_LINEAR_PERIPH_BUS_s_axi_U/int_c_reg[5]/D
  -------------------------------------------------------------------    -------------------

                         (clock ap_clk rise edge)     0.000     0.000 r  
                                                      0.000     0.000 r  ap_clk (IN)
                         net (fo=270, unset)          0.432     0.432    bd_0_i/hls_inst/inst/HLS_LINEAR_PERIPH_BUS_s_axi_U/ap_clk
    SLICE_X33Y73         FDRE                                         r  bd_0_i/hls_inst/inst/HLS_LINEAR_PERIPH_BUS_s_axi_U/int_c_reg[5]/C

Slack:                    inf
  Source:                 s_axi_HLS_LINEAR_PERIPH_BUS_wdata[7]
                            (input port)
  Destination:            bd_0_i/hls_inst/inst/HLS_LINEAR_PERIPH_BUS_s_axi_U/int_c_reg[7]/D
                            (rising edge-triggered cell FDRE clocked by ap_clk  {rise@0.000ns fall@5.000ns period=10.000ns})
  Path Group:             (none)
  Path Type:              Hold (Min at Fast Process Corner)
  Data Path Delay:        0.453ns  (logic 0.043ns (9.489%)  route 0.410ns (90.511%))
  Logic Levels:           1  (LUT3=1)
  Clock Path Skew:        0.432ns (DCD - SCD - CPR)
    Destination Clock Delay (DCD):    0.432ns
    Source Clock Delay      (SCD):    0.000ns
    Clock Pessimism Removal (CPR):    -0.000ns

    Location             Delay type                Incr(ns)  Path(ns)    Netlist Resource(s)
  -------------------------------------------------------------------    -------------------
                                                      0.000     0.000 r  s_axi_HLS_LINEAR_PERIPH_BUS_wdata[7] (IN)
                         net (fo=3, unset)            0.410     0.410    bd_0_i/hls_inst/inst/HLS_LINEAR_PERIPH_BUS_s_axi_U/s_axi_HLS_LINEAR_PERIPH_BUS_WDATA[7]
    SLICE_X33Y73         LUT3 (Prop_lut3_I2_O)        0.043     0.453 r  bd_0_i/hls_inst/inst/HLS_LINEAR_PERIPH_BUS_s_axi_U/int_c[7]_i_1/O
                         net (fo=1, routed)           0.000     0.453    bd_0_i/hls_inst/inst/HLS_LINEAR_PERIPH_BUS_s_axi_U/int_c0[7]
    SLICE_X33Y73         FDRE                                         r  bd_0_i/hls_inst/inst/HLS_LINEAR_PERIPH_BUS_s_axi_U/int_c_reg[7]/D
  -------------------------------------------------------------------    -------------------

                         (clock ap_clk rise edge)     0.000     0.000 r  
                                                      0.000     0.000 r  ap_clk (IN)
                         net (fo=270, unset)          0.432     0.432    bd_0_i/hls_inst/inst/HLS_LINEAR_PERIPH_BUS_s_axi_U/ap_clk
    SLICE_X33Y73         FDRE                                         r  bd_0_i/hls_inst/inst/HLS_LINEAR_PERIPH_BUS_s_axi_U/int_c_reg[7]/C

Slack:                    inf
  Source:                 s_axi_HLS_LINEAR_PERIPH_BUS_wdata[9]
                            (input port)
  Destination:            bd_0_i/hls_inst/inst/HLS_LINEAR_PERIPH_BUS_s_axi_U/int_c_reg[9]/D
                            (rising edge-triggered cell FDRE clocked by ap_clk  {rise@0.000ns fall@5.000ns period=10.000ns})
  Path Group:             (none)
  Path Type:              Hold (Min at Fast Process Corner)
  Data Path Delay:        0.453ns  (logic 0.043ns (9.489%)  route 0.410ns (90.511%))
  Logic Levels:           1  (LUT3=1)
  Clock Path Skew:        0.432ns (DCD - SCD - CPR)
    Destination Clock Delay (DCD):    0.432ns
    Source Clock Delay      (SCD):    0.000ns
    Clock Pessimism Removal (CPR):    -0.000ns

    Location             Delay type                Incr(ns)  Path(ns)    Netlist Resource(s)
  -------------------------------------------------------------------    -------------------
                                                      0.000     0.000 r  s_axi_HLS_LINEAR_PERIPH_BUS_wdata[9] (IN)
                         net (fo=2, unset)            0.410     0.410    bd_0_i/hls_inst/inst/HLS_LINEAR_PERIPH_BUS_s_axi_U/s_axi_HLS_LINEAR_PERIPH_BUS_WDATA[9]
    SLICE_X33Y73         LUT3 (Prop_lut3_I2_O)        0.043     0.453 r  bd_0_i/hls_inst/inst/HLS_LINEAR_PERIPH_BUS_s_axi_U/int_c[9]_i_1/O
                         net (fo=1, routed)           0.000     0.453    bd_0_i/hls_inst/inst/HLS_LINEAR_PERIPH_BUS_s_axi_U/int_c0[9]
    SLICE_X33Y73         FDRE                                         r  bd_0_i/hls_inst/inst/HLS_LINEAR_PERIPH_BUS_s_axi_U/int_c_reg[9]/D
  -------------------------------------------------------------------    -------------------

                         (clock ap_clk rise edge)     0.000     0.000 r  
                                                      0.000     0.000 r  ap_clk (IN)
                         net (fo=270, unset)          0.432     0.432    bd_0_i/hls_inst/inst/HLS_LINEAR_PERIPH_BUS_s_axi_U/ap_clk
    SLICE_X33Y73         FDRE                                         r  bd_0_i/hls_inst/inst/HLS_LINEAR_PERIPH_BUS_s_axi_U/int_c_reg[9]/C

Slack:                    inf
  Source:                 s_axi_HLS_LINEAR_PERIPH_BUS_wdata[11]
                            (input port)
  Destination:            bd_0_i/hls_inst/inst/HLS_LINEAR_PERIPH_BUS_s_axi_U/int_c_reg[11]/D
                            (rising edge-triggered cell FDRE clocked by ap_clk  {rise@0.000ns fall@5.000ns period=10.000ns})
  Path Group:             (none)
  Path Type:              Hold (Min at Fast Process Corner)
  Data Path Delay:        0.454ns  (logic 0.044ns (9.689%)  route 0.410ns (90.311%))
  Logic Levels:           1  (LUT3=1)
  Clock Path Skew:        0.432ns (DCD - SCD - CPR)
    Destination Clock Delay (DCD):    0.432ns
    Source Clock Delay      (SCD):    0.000ns
    Clock Pessimism Removal (CPR):    -0.000ns

    Location             Delay type                Incr(ns)  Path(ns)    Netlist Resource(s)
  -------------------------------------------------------------------    -------------------
                                                      0.000     0.000 r  s_axi_HLS_LINEAR_PERIPH_BUS_wdata[11] (IN)
                         net (fo=2, unset)            0.410     0.410    bd_0_i/hls_inst/inst/HLS_LINEAR_PERIPH_BUS_s_axi_U/s_axi_HLS_LINEAR_PERIPH_BUS_WDATA[11]
    SLICE_X33Y72         LUT3 (Prop_lut3_I2_O)        0.044     0.454 r  bd_0_i/hls_inst/inst/HLS_LINEAR_PERIPH_BUS_s_axi_U/int_c[11]_i_1/O
                         net (fo=1, routed)           0.000     0.454    bd_0_i/hls_inst/inst/HLS_LINEAR_PERIPH_BUS_s_axi_U/int_c0[11]
    SLICE_X33Y72         FDRE                                         r  bd_0_i/hls_inst/inst/HLS_LINEAR_PERIPH_BUS_s_axi_U/int_c_reg[11]/D
  -------------------------------------------------------------------    -------------------

                         (clock ap_clk rise edge)     0.000     0.000 r  
                                                      0.000     0.000 r  ap_clk (IN)
                         net (fo=270, unset)          0.432     0.432    bd_0_i/hls_inst/inst/HLS_LINEAR_PERIPH_BUS_s_axi_U/ap_clk
    SLICE_X33Y72         FDRE                                         r  bd_0_i/hls_inst/inst/HLS_LINEAR_PERIPH_BUS_s_axi_U/int_c_reg[11]/C





