Copyright 1986-2022 Xilinx, Inc. All Rights Reserved. Copyright 2022-2025 Advanced Micro Devices, Inc. All Rights Reserved.
------------------------------------------------------------------------------------------------------------------------------------------------------------------------------------------------------------------------------------------------
| Tool Version : Vivado v.2025.1 (win64) Build 6140274 Thu May 22 00:12:29 MDT 2025
| Date         : Wed Jun 24 14:10:02 2026
| Host         : CML-09 running 64-bit major release  (build 9200)
| Command      : report_timing_summary -max_paths 10 -routable_nets -report_unconstrained -file bd_0_wrapper_timing_summary_routed.rpt -pb bd_0_wrapper_timing_summary_routed.pb -rpx bd_0_wrapper_timing_summary_routed.rpx -warn_on_violation
| Design       : bd_0_wrapper
| Device       : 7z020-clg484
| Speed File   : -1  PRODUCTION 1.12 2019-11-22
| Design State : Routed
------------------------------------------------------------------------------------------------------------------------------------------------------------------------------------------------------------------------------------------------

Timing Summary Report

------------------------------------------------------------------------------------------------
| Timer Settings
| --------------
------------------------------------------------------------------------------------------------

  Enable Multi Corner Analysis               :  Yes
  Enable Pessimism Removal                   :  Yes
  Pessimism Removal Resolution               :  Nearest Common Node
  Enable Input Delay Default Clock           :  No
  Enable Preset / Clear Arcs                 :  No
  Disable Flight Delays                      :  No
  Ignore I/O Paths                           :  No
  Timing Early Launch at Borrowing Latches   :  No
  Borrow Time for Max Delay Exceptions       :  Yes
  Merge Timing Exceptions                    :  Yes
  Inter-SLR Compensation                     :  Conservative

  Corner  Analyze    Analyze    
  Name    Max Paths  Min Paths  
  ------  ---------  ---------  
  Slow    Yes        Yes        
  Fast    Yes        Yes        


------------------------------------------------------------------------------------------------
| Report Methodology
| ------------------
------------------------------------------------------------------------------------------------

Rule       Severity  Description                    Violations  
---------  --------  -----------------------------  ----------  
TIMING-18  Warning   Missing input or output delay  94          

Note: This report is based on the most recent report_methodology run and may not be up-to-date. Run report_methodology on the current design for the latest report.



check_timing report

Table of Contents
-----------------
1. checking no_clock (0)
2. checking constant_clock (0)
3. checking pulse_width_clock (0)
4. checking unconstrained_internal_endpoints (0)
5. checking no_input_delay (54)
6. checking no_output_delay (38)
7. checking multiple_clock (0)
8. checking generated_clocks (0)
9. checking loops (0)
10. checking partial_input_delay (0)
11. checking partial_output_delay (0)
12. checking latch_loops (0)

1. checking no_clock (0)
------------------------
 There are 0 register/latch pins with no clock.


2. checking constant_clock (0)
------------------------------
 There are 0 register/latch pins with constant_clock.


3. checking pulse_width_clock (0)
---------------------------------
 There are 0 register/latch pins which need pulse_width check


4. checking unconstrained_internal_endpoints (0)
------------------------------------------------
 There are 0 pins that are not constrained for maximum delay.

 There are 0 pins that are not constrained for maximum delay due to constant clock.


5. checking no_input_delay (54)
-------------------------------
 There are 54 input ports with no input delay specified. (HIGH)

 There are 0 input ports with no input delay but user has a false path constraint.


6. checking no_output_delay (38)
--------------------------------
 There are 38 ports with no output delay specified. (HIGH)

 There are 0 ports with no output delay but user has a false path constraint

 There are 0 ports with no output delay but with a timing clock defined on it or propagating through it


7. checking multiple_clock (0)
------------------------------
 There are 0 register/latch pins with multiple clocks.


8. checking generated_clocks (0)
--------------------------------
 There are 0 generated clocks that are not connected to a clock source.


9. checking loops (0)
---------------------
 There are 0 combinational loops in the design.


10. checking partial_input_delay (0)
------------------------------------
 There are 0 input ports with partial input delay specified.


11. checking partial_output_delay (0)
-------------------------------------
 There are 0 ports with partial output delay specified.


12. checking latch_loops (0)
----------------------------
 There are 0 combinational latch loops in the design through latch input



------------------------------------------------------------------------------------------------
| Design Timing Summary
| ---------------------
------------------------------------------------------------------------------------------------

    WNS(ns)      TNS(ns)  TNS Failing Endpoints  TNS Total Endpoints      WHS(ns)      THS(ns)  THS Failing Endpoints  THS Total Endpoints     WPWS(ns)     TPWS(ns)  TPWS Failing Endpoints  TPWS Total Endpoints  
    -------      -------  ---------------------  -------------------      -------      -------  ---------------------  -------------------     --------     --------  ----------------------  --------------------  
      5.134        0.000                      0                  887        0.150        0.000                      0                  887        4.500        0.000                       0                   443  


All user specified timing constraints are met.


------------------------------------------------------------------------------------------------
| Clock Summary
| -------------
------------------------------------------------------------------------------------------------

Clock   Waveform(ns)       Period(ns)      Frequency(MHz)
-----   ------------       ----------      --------------
ap_clk  {0.000 5.000}      10.000          100.000         


------------------------------------------------------------------------------------------------
| Intra Clock Table
| -----------------
------------------------------------------------------------------------------------------------

Clock             WNS(ns)      TNS(ns)  TNS Failing Endpoints  TNS Total Endpoints      WHS(ns)      THS(ns)  THS Failing Endpoints  THS Total Endpoints     WPWS(ns)     TPWS(ns)  TPWS Failing Endpoints  TPWS Total Endpoints  
-----             -------      -------  ---------------------  -------------------      -------      -------  ---------------------  -------------------     --------     --------  ----------------------  --------------------  
ap_clk              5.134        0.000                      0                  887        0.150        0.000                      0                  887        4.500        0.000                       0                   443  


------------------------------------------------------------------------------------------------
| Inter Clock Table
| -----------------
------------------------------------------------------------------------------------------------

From Clock    To Clock          WNS(ns)      TNS(ns)  TNS Failing Endpoints  TNS Total Endpoints      WHS(ns)      THS(ns)  THS Failing Endpoints  THS Total Endpoints  
----------    --------          -------      -------  ---------------------  -------------------      -------      -------  ---------------------  -------------------  


------------------------------------------------------------------------------------------------
| Other Path Groups Table
| -----------------------
------------------------------------------------------------------------------------------------

Path Group    From Clock    To Clock          WNS(ns)      TNS(ns)  TNS Failing Endpoints  TNS Total Endpoints      WHS(ns)      THS(ns)  THS Failing Endpoints  THS Total Endpoints  
----------    ----------    --------          -------      -------  ---------------------  -------------------      -------      -------  ---------------------  -------------------  


------------------------------------------------------------------------------------------------
| User Ignored Path Table
| -----------------------
------------------------------------------------------------------------------------------------

Path Group    From Clock    To Clock    
----------    ----------    --------    


------------------------------------------------------------------------------------------------
| Unconstrained Path Table
| ------------------------
------------------------------------------------------------------------------------------------

Path Group    From Clock    To Clock    
----------    ----------    --------    
(none)        ap_clk                      
(none)                      ap_clk        


------------------------------------------------------------------------------------------------
| Timing Details
| --------------
------------------------------------------------------------------------------------------------


---------------------------------------------------------------------------------------------------
From Clock:  ap_clk
  To Clock:  ap_clk

Setup :            0  Failing Endpoints,  Worst Slack        5.134ns,  Total Violation        0.000ns
Hold  :            0  Failing Endpoints,  Worst Slack        0.150ns,  Total Violation        0.000ns
PW    :            0  Failing Endpoints,  Worst Slack        4.500ns,  Total Violation        0.000ns
---------------------------------------------------------------------------------------------------


Max Delay Paths
--------------------------------------------------------------------------------------
Slack (MET) :             5.134ns  (required time - arrival time)
  Source:                 bd_0_i/hls_inst/inst/HLS_TREEADD_PERIPH_BUS_s_axi_U/FSM_onehot_rstate_reg[1]/C
                            (rising edge-triggered cell FDRE clocked by ap_clk  {rise@0.000ns fall@5.000ns period=10.000ns})
  Destination:            bd_0_i/hls_inst/inst/HLS_TREEADD_PERIPH_BUS_s_axi_U/rdata_reg[11]/CE
                            (rising edge-triggered cell FDRE clocked by ap_clk  {rise@0.000ns fall@5.000ns period=10.000ns})
  Path Group:             ap_clk
  Path Type:              Setup (Max at Slow Process Corner)
  Requirement:            10.000ns  (ap_clk rise@10.000ns - ap_clk rise@0.000ns)
  Data Path Delay:        4.374ns  (logic 0.610ns (13.946%)  route 3.764ns (86.054%))
  Logic Levels:           1  (LUT2=1)
  Clock Path Skew:        -0.049ns (DCD - SCD + CPR)
    Destination Clock Delay (DCD):    0.924ns = ( 10.924 - 10.000 ) 
    Source Clock Delay      (SCD):    0.973ns
    Clock Pessimism Removal (CPR):    0.000ns
  Clock Uncertainty:      0.035ns  ((TSJ^2 + TIJ^2)^1/2 + DJ) / 2 + PE
    Total System Jitter     (TSJ):    0.071ns
    Total Input Jitter      (TIJ):    0.000ns
    Discrete Jitter          (DJ):    0.000ns
    Phase Error              (PE):    0.000ns

    Location             Delay type                Incr(ns)  Path(ns)    Netlist Resource(s)
  -------------------------------------------------------------------    -------------------
                         (clock ap_clk rise edge)     0.000     0.000 r  
                                                      0.000     0.000 r  ap_clk (IN)
                         net (fo=442, unset)          0.973     0.973    bd_0_i/hls_inst/inst/HLS_TREEADD_PERIPH_BUS_s_axi_U/ap_clk
    SLICE_X48Y77         FDRE                                         r  bd_0_i/hls_inst/inst/HLS_TREEADD_PERIPH_BUS_s_axi_U/FSM_onehot_rstate_reg[1]/C
  -------------------------------------------------------------------    -------------------
    SLICE_X48Y77         FDRE (Prop_fdre_C_Q)         0.456     1.429 r  bd_0_i/hls_inst/inst/HLS_TREEADD_PERIPH_BUS_s_axi_U/FSM_onehot_rstate_reg[1]/Q
                         net (fo=5, routed)           0.828     2.257    bd_0_i/hls_inst/inst/HLS_TREEADD_PERIPH_BUS_s_axi_U/FSM_onehot_rstate_reg[1]_0
    SLICE_X48Y77         LUT2 (Prop_lut2_I0_O)        0.154     2.411 r  bd_0_i/hls_inst/inst/HLS_TREEADD_PERIPH_BUS_s_axi_U/rdata[31]_i_2/O
                         net (fo=33, routed)          2.936     5.347    bd_0_i/hls_inst/inst/HLS_TREEADD_PERIPH_BUS_s_axi_U/ar_hs
    SLICE_X39Y68         FDRE                                         r  bd_0_i/hls_inst/inst/HLS_TREEADD_PERIPH_BUS_s_axi_U/rdata_reg[11]/CE
  -------------------------------------------------------------------    -------------------

                         (clock ap_clk rise edge)    10.000    10.000 r  
                                                      0.000    10.000 r  ap_clk (IN)
                         net (fo=442, unset)          0.924    10.924    bd_0_i/hls_inst/inst/HLS_TREEADD_PERIPH_BUS_s_axi_U/ap_clk
    SLICE_X39Y68         FDRE                                         r  bd_0_i/hls_inst/inst/HLS_TREEADD_PERIPH_BUS_s_axi_U/rdata_reg[11]/C
                         clock pessimism              0.000    10.924    
                         clock uncertainty           -0.035    10.889    
    SLICE_X39Y68         FDRE (Setup_fdre_C_CE)      -0.408    10.481    bd_0_i/hls_inst/inst/HLS_TREEADD_PERIPH_BUS_s_axi_U/rdata_reg[11]
  -------------------------------------------------------------------
                         required time                         10.481    
                         arrival time                          -5.347    
  -------------------------------------------------------------------
                         slack                                  5.134    

Slack (MET) :             5.188ns  (required time - arrival time)
  Source:                 bd_0_i/hls_inst/inst/HLS_TREEADD_PERIPH_BUS_s_axi_U/int_h_reg[2]/C
                            (rising edge-triggered cell FDRE clocked by ap_clk  {rise@0.000ns fall@5.000ns period=10.000ns})
  Destination:            bd_0_i/hls_inst/inst/add_ln43_5_reg_183_reg[29]/D
                            (rising edge-triggered cell FDRE clocked by ap_clk  {rise@0.000ns fall@5.000ns period=10.000ns})
  Path Group:             ap_clk
  Path Type:              Setup (Max at Slow Process Corner)
  Requirement:            10.000ns  (ap_clk rise@10.000ns - ap_clk rise@0.000ns)
  Data Path Delay:        4.790ns  (logic 2.561ns (53.468%)  route 2.229ns (46.532%))
  Logic Levels:           11  (CARRY4=8 LUT3=1 LUT5=1 LUT6=1)
  Clock Path Skew:        -0.049ns (DCD - SCD + CPR)
    Destination Clock Delay (DCD):    0.924ns = ( 10.924 - 10.000 ) 
    Source Clock Delay      (SCD):    0.973ns
    Clock Pessimism Removal (CPR):    0.000ns
  Clock Uncertainty:      0.035ns  ((TSJ^2 + TIJ^2)^1/2 + DJ) / 2 + PE
    Total System Jitter     (TSJ):    0.071ns
    Total Input Jitter      (TIJ):    0.000ns
    Discrete Jitter          (DJ):    0.000ns
    Phase Error              (PE):    0.000ns

    Location             Delay type                Incr(ns)  Path(ns)    Netlist Resource(s)
  -------------------------------------------------------------------    -------------------
                         (clock ap_clk rise edge)     0.000     0.000 r  
                                                      0.000     0.000 r  ap_clk (IN)
                         net (fo=442, unset)          0.973     0.973    bd_0_i/hls_inst/inst/HLS_TREEADD_PERIPH_BUS_s_axi_U/ap_clk
    SLICE_X42Y71         FDRE                                         r  bd_0_i/hls_inst/inst/HLS_TREEADD_PERIPH_BUS_s_axi_U/int_h_reg[2]/C
  -------------------------------------------------------------------    -------------------
    SLICE_X42Y71         FDRE (Prop_fdre_C_Q)         0.518     1.491 r  bd_0_i/hls_inst/inst/HLS_TREEADD_PERIPH_BUS_s_axi_U/int_h_reg[2]/Q
                         net (fo=5, routed)           0.748     2.239    bd_0_i/hls_inst/inst/HLS_TREEADD_PERIPH_BUS_s_axi_U/h[2]
    SLICE_X40Y70         LUT3 (Prop_lut3_I2_O)        0.124     2.363 r  bd_0_i/hls_inst/inst/HLS_TREEADD_PERIPH_BUS_s_axi_U/add_ln43_5_reg_183[3]_i_9/O
                         net (fo=3, routed)           0.958     3.322    bd_0_i/hls_inst/inst/HLS_TREEADD_PERIPH_BUS_s_axi_U/add_ln43_5_reg_183[3]_i_9_n_0
    SLICE_X36Y71         LUT5 (Prop_lut5_I1_O)        0.152     3.474 r  bd_0_i/hls_inst/inst/HLS_TREEADD_PERIPH_BUS_s_axi_U/add_ln43_5_reg_183[3]_i_2/O
                         net (fo=2, routed)           0.513     3.987    bd_0_i/hls_inst/inst/HLS_TREEADD_PERIPH_BUS_s_axi_U/add_ln43_5_reg_183[3]_i_2_n_0
    SLICE_X37Y71         LUT6 (Prop_lut6_I0_O)        0.348     4.335 r  bd_0_i/hls_inst/inst/HLS_TREEADD_PERIPH_BUS_s_axi_U/add_ln43_5_reg_183[3]_i_5/O
                         net (fo=1, routed)           0.000     4.335    bd_0_i/hls_inst/inst/HLS_TREEADD_PERIPH_BUS_s_axi_U/add_ln43_5_reg_183[3]_i_5_n_0
    SLICE_X37Y71         CARRY4 (Prop_carry4_S[3]_CO[3])
                                                      0.401     4.736 r  bd_0_i/hls_inst/inst/HLS_TREEADD_PERIPH_BUS_s_axi_U/add_ln43_5_reg_183_reg[3]_i_1/CO[3]
                         net (fo=1, routed)           0.000     4.736    bd_0_i/hls_inst/inst/HLS_TREEADD_PERIPH_BUS_s_axi_U/add_ln43_5_reg_183_reg[3]_i_1_n_0
    SLICE_X37Y72         CARRY4 (Prop_carry4_CI_CO[3])
                                                      0.114     4.850 r  bd_0_i/hls_inst/inst/HLS_TREEADD_PERIPH_BUS_s_axi_U/add_ln43_5_reg_183_reg[7]_i_1/CO[3]
                         net (fo=1, routed)           0.000     4.850    bd_0_i/hls_inst/inst/HLS_TREEADD_PERIPH_BUS_s_axi_U/add_ln43_5_reg_183_reg[7]_i_1_n_0
    SLICE_X37Y73         CARRY4 (Prop_carry4_CI_CO[3])
                                                      0.114     4.964 r  bd_0_i/hls_inst/inst/HLS_TREEADD_PERIPH_BUS_s_axi_U/add_ln43_5_reg_183_reg[11]_i_1/CO[3]
                         net (fo=1, routed)           0.000     4.964    bd_0_i/hls_inst/inst/HLS_TREEADD_PERIPH_BUS_s_axi_U/add_ln43_5_reg_183_reg[11]_i_1_n_0
    SLICE_X37Y74         CARRY4 (Prop_carry4_CI_CO[3])
                                                      0.114     5.078 r  bd_0_i/hls_inst/inst/HLS_TREEADD_PERIPH_BUS_s_axi_U/add_ln43_5_reg_183_reg[15]_i_1/CO[3]
                         net (fo=1, routed)           0.009     5.087    bd_0_i/hls_inst/inst/HLS_TREEADD_PERIPH_BUS_s_axi_U/add_ln43_5_reg_183_reg[15]_i_1_n_0
    SLICE_X37Y75         CARRY4 (Prop_carry4_CI_CO[3])
                                                      0.114     5.201 r  bd_0_i/hls_inst/inst/HLS_TREEADD_PERIPH_BUS_s_axi_U/add_ln43_5_reg_183_reg[19]_i_1/CO[3]
                         net (fo=1, routed)           0.000     5.201    bd_0_i/hls_inst/inst/HLS_TREEADD_PERIPH_BUS_s_axi_U/add_ln43_5_reg_183_reg[19]_i_1_n_0
    SLICE_X37Y76         CARRY4 (Prop_carry4_CI_CO[3])
                                                      0.114     5.315 r  bd_0_i/hls_inst/inst/HLS_TREEADD_PERIPH_BUS_s_axi_U/add_ln43_5_reg_183_reg[23]_i_1/CO[3]
                         net (fo=1, routed)           0.000     5.315    bd_0_i/hls_inst/inst/HLS_TREEADD_PERIPH_BUS_s_axi_U/add_ln43_5_reg_183_reg[23]_i_1_n_0
    SLICE_X37Y77         CARRY4 (Prop_carry4_CI_CO[3])
                                                      0.114     5.429 r  bd_0_i/hls_inst/inst/HLS_TREEADD_PERIPH_BUS_s_axi_U/add_ln43_5_reg_183_reg[27]_i_1/CO[3]
                         net (fo=1, routed)           0.000     5.429    bd_0_i/hls_inst/inst/HLS_TREEADD_PERIPH_BUS_s_axi_U/add_ln43_5_reg_183_reg[27]_i_1_n_0
    SLICE_X37Y78         CARRY4 (Prop_carry4_CI_O[1])
                                                      0.334     5.763 r  bd_0_i/hls_inst/inst/HLS_TREEADD_PERIPH_BUS_s_axi_U/add_ln43_5_reg_183_reg[31]_i_1/O[1]
                         net (fo=1, routed)           0.000     5.763    bd_0_i/hls_inst/inst/add_ln43_5_fu_157_p2[29]
    SLICE_X37Y78         FDRE                                         r  bd_0_i/hls_inst/inst/add_ln43_5_reg_183_reg[29]/D
  -------------------------------------------------------------------    -------------------

                         (clock ap_clk rise edge)    10.000    10.000 r  
                                                      0.000    10.000 r  ap_clk (IN)
                         net (fo=442, unset)          0.924    10.924    bd_0_i/hls_inst/inst/ap_clk
    SLICE_X37Y78         FDRE                                         r  bd_0_i/hls_inst/inst/add_ln43_5_reg_183_reg[29]/C
                         clock pessimism              0.000    10.924    
                         clock uncertainty           -0.035    10.889    
    SLICE_X37Y78         FDRE (Setup_fdre_C_D)        0.062    10.951    bd_0_i/hls_inst/inst/add_ln43_5_reg_183_reg[29]
  -------------------------------------------------------------------
                         required time                         10.951    
                         arrival time                          -5.763    
  -------------------------------------------------------------------
                         slack                                  5.188    

Slack (MET) :             5.209ns  (required time - arrival time)
  Source:                 bd_0_i/hls_inst/inst/HLS_TREEADD_PERIPH_BUS_s_axi_U/int_h_reg[2]/C
                            (rising edge-triggered cell FDRE clocked by ap_clk  {rise@0.000ns fall@5.000ns period=10.000ns})
  Destination:            bd_0_i/hls_inst/inst/add_ln43_5_reg_183_reg[31]/D
                            (rising edge-triggered cell FDRE clocked by ap_clk  {rise@0.000ns fall@5.000ns period=10.000ns})
  Path Group:             ap_clk
  Path Type:              Setup (Max at Slow Process Corner)
  Requirement:            10.000ns  (ap_clk rise@10.000ns - ap_clk rise@0.000ns)
  Data Path Delay:        4.769ns  (logic 2.540ns (53.263%)  route 2.229ns (46.737%))
  Logic Levels:           11  (CARRY4=8 LUT3=1 LUT5=1 LUT6=1)
  Clock Path Skew:        -0.049ns (DCD - SCD + CPR)
    Destination Clock Delay (DCD):    0.924ns = ( 10.924 - 10.000 ) 
    Source Clock Delay      (SCD):    0.973ns
    Clock Pessimism Removal (CPR):    0.000ns
  Clock Uncertainty:      0.035ns  ((TSJ^2 + TIJ^2)^1/2 + DJ) / 2 + PE
    Total System Jitter     (TSJ):    0.071ns
    Total Input Jitter      (TIJ):    0.000ns
    Discrete Jitter          (DJ):    0.000ns
    Phase Error              (PE):    0.000ns

    Location             Delay type                Incr(ns)  Path(ns)    Netlist Resource(s)
  -------------------------------------------------------------------    -------------------
                         (clock ap_clk rise edge)     0.000     0.000 r  
                                                      0.000     0.000 r  ap_clk (IN)
                         net (fo=442, unset)          0.973     0.973    bd_0_i/hls_inst/inst/HLS_TREEADD_PERIPH_BUS_s_axi_U/ap_clk
    SLICE_X42Y71         FDRE                                         r  bd_0_i/hls_inst/inst/HLS_TREEADD_PERIPH_BUS_s_axi_U/int_h_reg[2]/C
  -------------------------------------------------------------------    -------------------
    SLICE_X42Y71         FDRE (Prop_fdre_C_Q)         0.518     1.491 r  bd_0_i/hls_inst/inst/HLS_TREEADD_PERIPH_BUS_s_axi_U/int_h_reg[2]/Q
                         net (fo=5, routed)           0.748     2.239    bd_0_i/hls_inst/inst/HLS_TREEADD_PERIPH_BUS_s_axi_U/h[2]
    SLICE_X40Y70         LUT3 (Prop_lut3_I2_O)        0.124     2.363 r  bd_0_i/hls_inst/inst/HLS_TREEADD_PERIPH_BUS_s_axi_U/add_ln43_5_reg_183[3]_i_9/O
                         net (fo=3, routed)           0.958     3.322    bd_0_i/hls_inst/inst/HLS_TREEADD_PERIPH_BUS_s_axi_U/add_ln43_5_reg_183[3]_i_9_n_0
    SLICE_X36Y71         LUT5 (Prop_lut5_I1_O)        0.152     3.474 r  bd_0_i/hls_inst/inst/HLS_TREEADD_PERIPH_BUS_s_axi_U/add_ln43_5_reg_183[3]_i_2/O
                         net (fo=2, routed)           0.513     3.987    bd_0_i/hls_inst/inst/HLS_TREEADD_PERIPH_BUS_s_axi_U/add_ln43_5_reg_183[3]_i_2_n_0
    SLICE_X37Y71         LUT6 (Prop_lut6_I0_O)        0.348     4.335 r  bd_0_i/hls_inst/inst/HLS_TREEADD_PERIPH_BUS_s_axi_U/add_ln43_5_reg_183[3]_i_5/O
                         net (fo=1, routed)           0.000     4.335    bd_0_i/hls_inst/inst/HLS_TREEADD_PERIPH_BUS_s_axi_U/add_ln43_5_reg_183[3]_i_5_n_0
    SLICE_X37Y71         CARRY4 (Prop_carry4_S[3]_CO[3])
                                                      0.401     4.736 r  bd_0_i/hls_inst/inst/HLS_TREEADD_PERIPH_BUS_s_axi_U/add_ln43_5_reg_183_reg[3]_i_1/CO[3]
                         net (fo=1, routed)           0.000     4.736    bd_0_i/hls_inst/inst/HLS_TREEADD_PERIPH_BUS_s_axi_U/add_ln43_5_reg_183_reg[3]_i_1_n_0
    SLICE_X37Y72         CARRY4 (Prop_carry4_CI_CO[3])
                                                      0.114     4.850 r  bd_0_i/hls_inst/inst/HLS_TREEADD_PERIPH_BUS_s_axi_U/add_ln43_5_reg_183_reg[7]_i_1/CO[3]
                         net (fo=1, routed)           0.000     4.850    bd_0_i/hls_inst/inst/HLS_TREEADD_PERIPH_BUS_s_axi_U/add_ln43_5_reg_183_reg[7]_i_1_n_0
    SLICE_X37Y73         CARRY4 (Prop_carry4_CI_CO[3])
                                                      0.114     4.964 r  bd_0_i/hls_inst/inst/HLS_TREEADD_PERIPH_BUS_s_axi_U/add_ln43_5_reg_183_reg[11]_i_1/CO[3]
                         net (fo=1, routed)           0.000     4.964    bd_0_i/hls_inst/inst/HLS_TREEADD_PERIPH_BUS_s_axi_U/add_ln43_5_reg_183_reg[11]_i_1_n_0
    SLICE_X37Y74         CARRY4 (Prop_carry4_CI_CO[3])
                                                      0.114     5.078 r  bd_0_i/hls_inst/inst/HLS_TREEADD_PERIPH_BUS_s_axi_U/add_ln43_5_reg_183_reg[15]_i_1/CO[3]
                         net (fo=1, routed)           0.009     5.087    bd_0_i/hls_inst/inst/HLS_TREEADD_PERIPH_BUS_s_axi_U/add_ln43_5_reg_183_reg[15]_i_1_n_0
    SLICE_X37Y75         CARRY4 (Prop_carry4_CI_CO[3])
                                                      0.114     5.201 r  bd_0_i/hls_inst/inst/HLS_TREEADD_PERIPH_BUS_s_axi_U/add_ln43_5_reg_183_reg[19]_i_1/CO[3]
                         net (fo=1, routed)           0.000     5.201    bd_0_i/hls_inst/inst/HLS_TREEADD_PERIPH_BUS_s_axi_U/add_ln43_5_reg_183_reg[19]_i_1_n_0
    SLICE_X37Y76         CARRY4 (Prop_carry4_CI_CO[3])
                                                      0.114     5.315 r  bd_0_i/hls_inst/inst/HLS_TREEADD_PERIPH_BUS_s_axi_U/add_ln43_5_reg_183_reg[23]_i_1/CO[3]
                         net (fo=1, routed)           0.000     5.315    bd_0_i/hls_inst/inst/HLS_TREEADD_PERIPH_BUS_s_axi_U/add_ln43_5_reg_183_reg[23]_i_1_n_0
    SLICE_X37Y77         CARRY4 (Prop_carry4_CI_CO[3])
                                                      0.114     5.429 r  bd_0_i/hls_inst/inst/HLS_TREEADD_PERIPH_BUS_s_axi_U/add_ln43_5_reg_183_reg[27]_i_1/CO[3]
                         net (fo=1, routed)           0.000     5.429    bd_0_i/hls_inst/inst/HLS_TREEADD_PERIPH_BUS_s_axi_U/add_ln43_5_reg_183_reg[27]_i_1_n_0
    SLICE_X37Y78         CARRY4 (Prop_carry4_CI_O[3])
                                                      0.313     5.742 r  bd_0_i/hls_inst/inst/HLS_TREEADD_PERIPH_BUS_s_axi_U/add_ln43_5_reg_183_reg[31]_i_1/O[3]
                         net (fo=1, routed)           0.000     5.742    bd_0_i/hls_inst/inst/add_ln43_5_fu_157_p2[31]
    SLICE_X37Y78         FDRE                                         r  bd_0_i/hls_inst/inst/add_ln43_5_reg_183_reg[31]/D
  -------------------------------------------------------------------    -------------------

                         (clock ap_clk rise edge)    10.000    10.000 r  
                                                      0.000    10.000 r  ap_clk (IN)
                         net (fo=442, unset)          0.924    10.924    bd_0_i/hls_inst/inst/ap_clk
    SLICE_X37Y78         FDRE                                         r  bd_0_i/hls_inst/inst/add_ln43_5_reg_183_reg[31]/C
                         clock pessimism              0.000    10.924    
                         clock uncertainty           -0.035    10.889    
    SLICE_X37Y78         FDRE (Setup_fdre_C_D)        0.062    10.951    bd_0_i/hls_inst/inst/add_ln43_5_reg_183_reg[31]
  -------------------------------------------------------------------
                         required time                         10.951    
                         arrival time                          -5.742    
  -------------------------------------------------------------------
                         slack                                  5.209    

Slack (MET) :             5.283ns  (required time - arrival time)
  Source:                 bd_0_i/hls_inst/inst/HLS_TREEADD_PERIPH_BUS_s_axi_U/int_h_reg[2]/C
                            (rising edge-triggered cell FDRE clocked by ap_clk  {rise@0.000ns fall@5.000ns period=10.000ns})
  Destination:            bd_0_i/hls_inst/inst/add_ln43_5_reg_183_reg[30]/D
                            (rising edge-triggered cell FDRE clocked by ap_clk  {rise@0.000ns fall@5.000ns period=10.000ns})
  Path Group:             ap_clk
  Path Type:              Setup (Max at Slow Process Corner)
  Requirement:            10.000ns  (ap_clk rise@10.000ns - ap_clk rise@0.000ns)
  Data Path Delay:        4.695ns  (logic 2.466ns (52.527%)  route 2.229ns (47.474%))
  Logic Levels:           11  (CARRY4=8 LUT3=1 LUT5=1 LUT6=1)
  Clock Path Skew:        -0.049ns (DCD - SCD + CPR)
    Destination Clock Delay (DCD):    0.924ns = ( 10.924 - 10.000 ) 
    Source Clock Delay      (SCD):    0.973ns
    Clock Pessimism Removal (CPR):    0.000ns
  Clock Uncertainty:      0.035ns  ((TSJ^2 + TIJ^2)^1/2 + DJ) / 2 + PE
    Total System Jitter     (TSJ):    0.071ns
    Total Input Jitter      (TIJ):    0.000ns
    Discrete Jitter          (DJ):    0.000ns
    Phase Error              (PE):    0.000ns

    Location             Delay type                Incr(ns)  Path(ns)    Netlist Resource(s)
  -------------------------------------------------------------------    -------------------
                         (clock ap_clk rise edge)     0.000     0.000 r  
                                                      0.000     0.000 r  ap_clk (IN)
                         net (fo=442, unset)          0.973     0.973    bd_0_i/hls_inst/inst/HLS_TREEADD_PERIPH_BUS_s_axi_U/ap_clk
    SLICE_X42Y71         FDRE                                         r  bd_0_i/hls_inst/inst/HLS_TREEADD_PERIPH_BUS_s_axi_U/int_h_reg[2]/C
  -------------------------------------------------------------------    -------------------
    SLICE_X42Y71         FDRE (Prop_fdre_C_Q)         0.518     1.491 r  bd_0_i/hls_inst/inst/HLS_TREEADD_PERIPH_BUS_s_axi_U/int_h_reg[2]/Q
                         net (fo=5, routed)           0.748     2.239    bd_0_i/hls_inst/inst/HLS_TREEADD_PERIPH_BUS_s_axi_U/h[2]
    SLICE_X40Y70         LUT3 (Prop_lut3_I2_O)        0.124     2.363 r  bd_0_i/hls_inst/inst/HLS_TREEADD_PERIPH_BUS_s_axi_U/add_ln43_5_reg_183[3]_i_9/O
                         net (fo=3, routed)           0.958     3.322    bd_0_i/hls_inst/inst/HLS_TREEADD_PERIPH_BUS_s_axi_U/add_ln43_5_reg_183[3]_i_9_n_0
    SLICE_X36Y71         LUT5 (Prop_lut5_I1_O)        0.152     3.474 r  bd_0_i/hls_inst/inst/HLS_TREEADD_PERIPH_BUS_s_axi_U/add_ln43_5_reg_183[3]_i_2/O
                         net (fo=2, routed)           0.513     3.987    bd_0_i/hls_inst/inst/HLS_TREEADD_PERIPH_BUS_s_axi_U/add_ln43_5_reg_183[3]_i_2_n_0
    SLICE_X37Y71         LUT6 (Prop_lut6_I0_O)        0.348     4.335 r  bd_0_i/hls_inst/inst/HLS_TREEADD_PERIPH_BUS_s_axi_U/add_ln43_5_reg_183[3]_i_5/O
                         net (fo=1, routed)           0.000     4.335    bd_0_i/hls_inst/inst/HLS_TREEADD_PERIPH_BUS_s_axi_U/add_ln43_5_reg_183[3]_i_5_n_0
    SLICE_X37Y71         CARRY4 (Prop_carry4_S[3]_CO[3])
                                                      0.401     4.736 r  bd_0_i/hls_inst/inst/HLS_TREEADD_PERIPH_BUS_s_axi_U/add_ln43_5_reg_183_reg[3]_i_1/CO[3]
                         net (fo=1, routed)           0.000     4.736    bd_0_i/hls_inst/inst/HLS_TREEADD_PERIPH_BUS_s_axi_U/add_ln43_5_reg_183_reg[3]_i_1_n_0
    SLICE_X37Y72         CARRY4 (Prop_carry4_CI_CO[3])
                                                      0.114     4.850 r  bd_0_i/hls_inst/inst/HLS_TREEADD_PERIPH_BUS_s_axi_U/add_ln43_5_reg_183_reg[7]_i_1/CO[3]
                         net (fo=1, routed)           0.000     4.850    bd_0_i/hls_inst/inst/HLS_TREEADD_PERIPH_BUS_s_axi_U/add_ln43_5_reg_183_reg[7]_i_1_n_0
    SLICE_X37Y73         CARRY4 (Prop_carry4_CI_CO[3])
                                                      0.114     4.964 r  bd_0_i/hls_inst/inst/HLS_TREEADD_PERIPH_BUS_s_axi_U/add_ln43_5_reg_183_reg[11]_i_1/CO[3]
                         net (fo=1, routed)           0.000     4.964    bd_0_i/hls_inst/inst/HLS_TREEADD_PERIPH_BUS_s_axi_U/add_ln43_5_reg_183_reg[11]_i_1_n_0
    SLICE_X37Y74         CARRY4 (Prop_carry4_CI_CO[3])
                                                      0.114     5.078 r  bd_0_i/hls_inst/inst/HLS_TREEADD_PERIPH_BUS_s_axi_U/add_ln43_5_reg_183_reg[15]_i_1/CO[3]
                         net (fo=1, routed)           0.009     5.087    bd_0_i/hls_inst/inst/HLS_TREEADD_PERIPH_BUS_s_axi_U/add_ln43_5_reg_183_reg[15]_i_1_n_0
    SLICE_X37Y75         CARRY4 (Prop_carry4_CI_CO[3])
                                                      0.114     5.201 r  bd_0_i/hls_inst/inst/HLS_TREEADD_PERIPH_BUS_s_axi_U/add_ln43_5_reg_183_reg[19]_i_1/CO[3]
                         net (fo=1, routed)           0.000     5.201    bd_0_i/hls_inst/inst/HLS_TREEADD_PERIPH_BUS_s_axi_U/add_ln43_5_reg_183_reg[19]_i_1_n_0
    SLICE_X37Y76         CARRY4 (Prop_carry4_CI_CO[3])
                                                      0.114     5.315 r  bd_0_i/hls_inst/inst/HLS_TREEADD_PERIPH_BUS_s_axi_U/add_ln43_5_reg_183_reg[23]_i_1/CO[3]
                         net (fo=1, routed)           0.000     5.315    bd_0_i/hls_inst/inst/HLS_TREEADD_PERIPH_BUS_s_axi_U/add_ln43_5_reg_183_reg[23]_i_1_n_0
    SLICE_X37Y77         CARRY4 (Prop_carry4_CI_CO[3])
                                                      0.114     5.429 r  bd_0_i/hls_inst/inst/HLS_TREEADD_PERIPH_BUS_s_axi_U/add_ln43_5_reg_183_reg[27]_i_1/CO[3]
                         net (fo=1, routed)           0.000     5.429    bd_0_i/hls_inst/inst/HLS_TREEADD_PERIPH_BUS_s_axi_U/add_ln43_5_reg_183_reg[27]_i_1_n_0
    SLICE_X37Y78         CARRY4 (Prop_carry4_CI_O[2])
                                                      0.239     5.668 r  bd_0_i/hls_inst/inst/HLS_TREEADD_PERIPH_BUS_s_axi_U/add_ln43_5_reg_183_reg[31]_i_1/O[2]
                         net (fo=1, routed)           0.000     5.668    bd_0_i/hls_inst/inst/add_ln43_5_fu_157_p2[30]
    SLICE_X37Y78         FDRE                                         r  bd_0_i/hls_inst/inst/add_ln43_5_reg_183_reg[30]/D
  -------------------------------------------------------------------    -------------------

                         (clock ap_clk rise edge)    10.000    10.000 r  
                                                      0.000    10.000 r  ap_clk (IN)
                         net (fo=442, unset)          0.924    10.924    bd_0_i/hls_inst/inst/ap_clk
    SLICE_X37Y78         FDRE                                         r  bd_0_i/hls_inst/inst/add_ln43_5_reg_183_reg[30]/C
                         clock pessimism              0.000    10.924    
                         clock uncertainty           -0.035    10.889    
    SLICE_X37Y78         FDRE (Setup_fdre_C_D)        0.062    10.951    bd_0_i/hls_inst/inst/add_ln43_5_reg_183_reg[30]
  -------------------------------------------------------------------
                         required time                         10.951    
                         arrival time                          -5.668    
  -------------------------------------------------------------------
                         slack                                  5.283    

Slack (MET) :             5.299ns  (required time - arrival time)
  Source:                 bd_0_i/hls_inst/inst/HLS_TREEADD_PERIPH_BUS_s_axi_U/int_h_reg[2]/C
                            (rising edge-triggered cell FDRE clocked by ap_clk  {rise@0.000ns fall@5.000ns period=10.000ns})
  Destination:            bd_0_i/hls_inst/inst/add_ln43_5_reg_183_reg[28]/D
                            (rising edge-triggered cell FDRE clocked by ap_clk  {rise@0.000ns fall@5.000ns period=10.000ns})
  Path Group:             ap_clk
  Path Type:              Setup (Max at Slow Process Corner)
  Requirement:            10.000ns  (ap_clk rise@10.000ns - ap_clk rise@0.000ns)
  Data Path Delay:        4.679ns  (logic 2.450ns (52.364%)  route 2.229ns (47.636%))
  Logic Levels:           11  (CARRY4=8 LUT3=1 LUT5=1 LUT6=1)
  Clock Path Skew:        -0.049ns (DCD - SCD + CPR)
    Destination Clock Delay (DCD):    0.924ns = ( 10.924 - 10.000 ) 
    Source Clock Delay      (SCD):    0.973ns
    Clock Pessimism Removal (CPR):    0.000ns
  Clock Uncertainty:      0.035ns  ((TSJ^2 + TIJ^2)^1/2 + DJ) / 2 + PE
    Total System Jitter     (TSJ):    0.071ns
    Total Input Jitter      (TIJ):    0.000ns
    Discrete Jitter          (DJ):    0.000ns
    Phase Error              (PE):    0.000ns

    Location             Delay type                Incr(ns)  Path(ns)    Netlist Resource(s)
  -------------------------------------------------------------------    -------------------
                         (clock ap_clk rise edge)     0.000     0.000 r  
                                                      0.000     0.000 r  ap_clk (IN)
                         net (fo=442, unset)          0.973     0.973    bd_0_i/hls_inst/inst/HLS_TREEADD_PERIPH_BUS_s_axi_U/ap_clk
    SLICE_X42Y71         FDRE                                         r  bd_0_i/hls_inst/inst/HLS_TREEADD_PERIPH_BUS_s_axi_U/int_h_reg[2]/C
  -------------------------------------------------------------------    -------------------
    SLICE_X42Y71         FDRE (Prop_fdre_C_Q)         0.518     1.491 r  bd_0_i/hls_inst/inst/HLS_TREEADD_PERIPH_BUS_s_axi_U/int_h_reg[2]/Q
                         net (fo=5, routed)           0.748     2.239    bd_0_i/hls_inst/inst/HLS_TREEADD_PERIPH_BUS_s_axi_U/h[2]
    SLICE_X40Y70         LUT3 (Prop_lut3_I2_O)        0.124     2.363 r  bd_0_i/hls_inst/inst/HLS_TREEADD_PERIPH_BUS_s_axi_U/add_ln43_5_reg_183[3]_i_9/O
                         net (fo=3, routed)           0.958     3.322    bd_0_i/hls_inst/inst/HLS_TREEADD_PERIPH_BUS_s_axi_U/add_ln43_5_reg_183[3]_i_9_n_0
    SLICE_X36Y71         LUT5 (Prop_lut5_I1_O)        0.152     3.474 r  bd_0_i/hls_inst/inst/HLS_TREEADD_PERIPH_BUS_s_axi_U/add_ln43_5_reg_183[3]_i_2/O
                         net (fo=2, routed)           0.513     3.987    bd_0_i/hls_inst/inst/HLS_TREEADD_PERIPH_BUS_s_axi_U/add_ln43_5_reg_183[3]_i_2_n_0
    SLICE_X37Y71         LUT6 (Prop_lut6_I0_O)        0.348     4.335 r  bd_0_i/hls_inst/inst/HLS_TREEADD_PERIPH_BUS_s_axi_U/add_ln43_5_reg_183[3]_i_5/O
                         net (fo=1, routed)           0.000     4.335    bd_0_i/hls_inst/inst/HLS_TREEADD_PERIPH_BUS_s_axi_U/add_ln43_5_reg_183[3]_i_5_n_0
    SLICE_X37Y71         CARRY4 (Prop_carry4_S[3]_CO[3])
                                                      0.401     4.736 r  bd_0_i/hls_inst/inst/HLS_TREEADD_PERIPH_BUS_s_axi_U/add_ln43_5_reg_183_reg[3]_i_1/CO[3]
                         net (fo=1, routed)           0.000     4.736    bd_0_i/hls_inst/inst/HLS_TREEADD_PERIPH_BUS_s_axi_U/add_ln43_5_reg_183_reg[3]_i_1_n_0
    SLICE_X37Y72         CARRY4 (Prop_carry4_CI_CO[3])
                                                      0.114     4.850 r  bd_0_i/hls_inst/inst/HLS_TREEADD_PERIPH_BUS_s_axi_U/add_ln43_5_reg_183_reg[7]_i_1/CO[3]
                         net (fo=1, routed)           0.000     4.850    bd_0_i/hls_inst/inst/HLS_TREEADD_PERIPH_BUS_s_axi_U/add_ln43_5_reg_183_reg[7]_i_1_n_0
    SLICE_X37Y73         CARRY4 (Prop_carry4_CI_CO[3])
                                                      0.114     4.964 r  bd_0_i/hls_inst/inst/HLS_TREEADD_PERIPH_BUS_s_axi_U/add_ln43_5_reg_183_reg[11]_i_1/CO[3]
                         net (fo=1, routed)           0.000     4.964    bd_0_i/hls_inst/inst/HLS_TREEADD_PERIPH_BUS_s_axi_U/add_ln43_5_reg_183_reg[11]_i_1_n_0
    SLICE_X37Y74         CARRY4 (Prop_carry4_CI_CO[3])
                                                      0.114     5.078 r  bd_0_i/hls_inst/inst/HLS_TREEADD_PERIPH_BUS_s_axi_U/add_ln43_5_reg_183_reg[15]_i_1/CO[3]
                         net (fo=1, routed)           0.009     5.087    bd_0_i/hls_inst/inst/HLS_TREEADD_PERIPH_BUS_s_axi_U/add_ln43_5_reg_183_reg[15]_i_1_n_0
    SLICE_X37Y75         CARRY4 (Prop_carry4_CI_CO[3])
                                                      0.114     5.201 r  bd_0_i/hls_inst/inst/HLS_TREEADD_PERIPH_BUS_s_axi_U/add_ln43_5_reg_183_reg[19]_i_1/CO[3]
                         net (fo=1, routed)           0.000     5.201    bd_0_i/hls_inst/inst/HLS_TREEADD_PERIPH_BUS_s_axi_U/add_ln43_5_reg_183_reg[19]_i_1_n_0
    SLICE_X37Y76         CARRY4 (Prop_carry4_CI_CO[3])
                                                      0.114     5.315 r  bd_0_i/hls_inst/inst/HLS_TREEADD_PERIPH_BUS_s_axi_U/add_ln43_5_reg_183_reg[23]_i_1/CO[3]
                         net (fo=1, routed)           0.000     5.315    bd_0_i/hls_inst/inst/HLS_TREEADD_PERIPH_BUS_s_axi_U/add_ln43_5_reg_183_reg[23]_i_1_n_0
    SLICE_X37Y77         CARRY4 (Prop_carry4_CI_CO[3])
                                                      0.114     5.429 r  bd_0_i/hls_inst/inst/HLS_TREEADD_PERIPH_BUS_s_axi_U/add_ln43_5_reg_183_reg[27]_i_1/CO[3]
                         net (fo=1, routed)           0.000     5.429    bd_0_i/hls_inst/inst/HLS_TREEADD_PERIPH_BUS_s_axi_U/add_ln43_5_reg_183_reg[27]_i_1_n_0
    SLICE_X37Y78         CARRY4 (Prop_carry4_CI_O[0])
                                                      0.223     5.652 r  bd_0_i/hls_inst/inst/HLS_TREEADD_PERIPH_BUS_s_axi_U/add_ln43_5_reg_183_reg[31]_i_1/O[0]
                         net (fo=1, routed)           0.000     5.652    bd_0_i/hls_inst/inst/add_ln43_5_fu_157_p2[28]
    SLICE_X37Y78         FDRE                                         r  bd_0_i/hls_inst/inst/add_ln43_5_reg_183_reg[28]/D
  -------------------------------------------------------------------    -------------------

                         (clock ap_clk rise edge)    10.000    10.000 r  
                                                      0.000    10.000 r  ap_clk (IN)
                         net (fo=442, unset)          0.924    10.924    bd_0_i/hls_inst/inst/ap_clk
    SLICE_X37Y78         FDRE                                         r  bd_0_i/hls_inst/inst/add_ln43_5_reg_183_reg[28]/C
                         clock pessimism              0.000    10.924    
                         clock uncertainty           -0.035    10.889    
    SLICE_X37Y78         FDRE (Setup_fdre_C_D)        0.062    10.951    bd_0_i/hls_inst/inst/add_ln43_5_reg_183_reg[28]
  -------------------------------------------------------------------
                         required time                         10.951    
                         arrival time                          -5.652    
  -------------------------------------------------------------------
                         slack                                  5.299    

Slack (MET) :             5.302ns  (required time - arrival time)
  Source:                 bd_0_i/hls_inst/inst/HLS_TREEADD_PERIPH_BUS_s_axi_U/int_h_reg[2]/C
                            (rising edge-triggered cell FDRE clocked by ap_clk  {rise@0.000ns fall@5.000ns period=10.000ns})
  Destination:            bd_0_i/hls_inst/inst/add_ln43_5_reg_183_reg[25]/D
                            (rising edge-triggered cell FDRE clocked by ap_clk  {rise@0.000ns fall@5.000ns period=10.000ns})
  Path Group:             ap_clk
  Path Type:              Setup (Max at Slow Process Corner)
  Requirement:            10.000ns  (ap_clk rise@10.000ns - ap_clk rise@0.000ns)
  Data Path Delay:        4.676ns  (logic 2.447ns (52.334%)  route 2.229ns (47.666%))
  Logic Levels:           10  (CARRY4=7 LUT3=1 LUT5=1 LUT6=1)
  Clock Path Skew:        -0.049ns (DCD - SCD + CPR)
    Destination Clock Delay (DCD):    0.924ns = ( 10.924 - 10.000 ) 
    Source Clock Delay      (SCD):    0.973ns
    Clock Pessimism Removal (CPR):    0.000ns
  Clock Uncertainty:      0.035ns  ((TSJ^2 + TIJ^2)^1/2 + DJ) / 2 + PE
    Total System Jitter     (TSJ):    0.071ns
    Total Input Jitter      (TIJ):    0.000ns
    Discrete Jitter          (DJ):    0.000ns
    Phase Error              (PE):    0.000ns

    Location             Delay type                Incr(ns)  Path(ns)    Netlist Resource(s)
  -------------------------------------------------------------------    -------------------
                         (clock ap_clk rise edge)     0.000     0.000 r  
                                                      0.000     0.000 r  ap_clk (IN)
                         net (fo=442, unset)          0.973     0.973    bd_0_i/hls_inst/inst/HLS_TREEADD_PERIPH_BUS_s_axi_U/ap_clk
    SLICE_X42Y71         FDRE                                         r  bd_0_i/hls_inst/inst/HLS_TREEADD_PERIPH_BUS_s_axi_U/int_h_reg[2]/C
  -------------------------------------------------------------------    -------------------
    SLICE_X42Y71         FDRE (Prop_fdre_C_Q)         0.518     1.491 r  bd_0_i/hls_inst/inst/HLS_TREEADD_PERIPH_BUS_s_axi_U/int_h_reg[2]/Q
                         net (fo=5, routed)           0.748     2.239    bd_0_i/hls_inst/inst/HLS_TREEADD_PERIPH_BUS_s_axi_U/h[2]
    SLICE_X40Y70         LUT3 (Prop_lut3_I2_O)        0.124     2.363 r  bd_0_i/hls_inst/inst/HLS_TREEADD_PERIPH_BUS_s_axi_U/add_ln43_5_reg_183[3]_i_9/O
                         net (fo=3, routed)           0.958     3.322    bd_0_i/hls_inst/inst/HLS_TREEADD_PERIPH_BUS_s_axi_U/add_ln43_5_reg_183[3]_i_9_n_0
    SLICE_X36Y71         LUT5 (Prop_lut5_I1_O)        0.152     3.474 r  bd_0_i/hls_inst/inst/HLS_TREEADD_PERIPH_BUS_s_axi_U/add_ln43_5_reg_183[3]_i_2/O
                         net (fo=2, routed)           0.513     3.987    bd_0_i/hls_inst/inst/HLS_TREEADD_PERIPH_BUS_s_axi_U/add_ln43_5_reg_183[3]_i_2_n_0
    SLICE_X37Y71         LUT6 (Prop_lut6_I0_O)        0.348     4.335 r  bd_0_i/hls_inst/inst/HLS_TREEADD_PERIPH_BUS_s_axi_U/add_ln43_5_reg_183[3]_i_5/O
                         net (fo=1, routed)           0.000     4.335    bd_0_i/hls_inst/inst/HLS_TREEADD_PERIPH_BUS_s_axi_U/add_ln43_5_reg_183[3]_i_5_n_0
    SLICE_X37Y71         CARRY4 (Prop_carry4_S[3]_CO[3])
                                                      0.401     4.736 r  bd_0_i/hls_inst/inst/HLS_TREEADD_PERIPH_BUS_s_axi_U/add_ln43_5_reg_183_reg[3]_i_1/CO[3]
                         net (fo=1, routed)           0.000     4.736    bd_0_i/hls_inst/inst/HLS_TREEADD_PERIPH_BUS_s_axi_U/add_ln43_5_reg_183_reg[3]_i_1_n_0
    SLICE_X37Y72         CARRY4 (Prop_carry4_CI_CO[3])
                                                      0.114     4.850 r  bd_0_i/hls_inst/inst/HLS_TREEADD_PERIPH_BUS_s_axi_U/add_ln43_5_reg_183_reg[7]_i_1/CO[3]
                         net (fo=1, routed)           0.000     4.850    bd_0_i/hls_inst/inst/HLS_TREEADD_PERIPH_BUS_s_axi_U/add_ln43_5_reg_183_reg[7]_i_1_n_0
    SLICE_X37Y73         CARRY4 (Prop_carry4_CI_CO[3])
                                                      0.114     4.964 r  bd_0_i/hls_inst/inst/HLS_TREEADD_PERIPH_BUS_s_axi_U/add_ln43_5_reg_183_reg[11]_i_1/CO[3]
                         net (fo=1, routed)           0.000     4.964    bd_0_i/hls_inst/inst/HLS_TREEADD_PERIPH_BUS_s_axi_U/add_ln43_5_reg_183_reg[11]_i_1_n_0
    SLICE_X37Y74         CARRY4 (Prop_carry4_CI_CO[3])
                                                      0.114     5.078 r  bd_0_i/hls_inst/inst/HLS_TREEADD_PERIPH_BUS_s_axi_U/add_ln43_5_reg_183_reg[15]_i_1/CO[3]
                         net (fo=1, routed)           0.009     5.087    bd_0_i/hls_inst/inst/HLS_TREEADD_PERIPH_BUS_s_axi_U/add_ln43_5_reg_183_reg[15]_i_1_n_0
    SLICE_X37Y75         CARRY4 (Prop_carry4_CI_CO[3])
                                                      0.114     5.201 r  bd_0_i/hls_inst/inst/HLS_TREEADD_PERIPH_BUS_s_axi_U/add_ln43_5_reg_183_reg[19]_i_1/CO[3]
                         net (fo=1, routed)           0.000     5.201    bd_0_i/hls_inst/inst/HLS_TREEADD_PERIPH_BUS_s_axi_U/add_ln43_5_reg_183_reg[19]_i_1_n_0
    SLICE_X37Y76         CARRY4 (Prop_carry4_CI_CO[3])
                                                      0.114     5.315 r  bd_0_i/hls_inst/inst/HLS_TREEADD_PERIPH_BUS_s_axi_U/add_ln43_5_reg_183_reg[23]_i_1/CO[3]
                         net (fo=1, routed)           0.000     5.315    bd_0_i/hls_inst/inst/HLS_TREEADD_PERIPH_BUS_s_axi_U/add_ln43_5_reg_183_reg[23]_i_1_n_0
    SLICE_X37Y77         CARRY4 (Prop_carry4_CI_O[1])
                                                      0.334     5.649 r  bd_0_i/hls_inst/inst/HLS_TREEADD_PERIPH_BUS_s_axi_U/add_ln43_5_reg_183_reg[27]_i_1/O[1]
                         net (fo=1, routed)           0.000     5.649    bd_0_i/hls_inst/inst/add_ln43_5_fu_157_p2[25]
    SLICE_X37Y77         FDRE                                         r  bd_0_i/hls_inst/inst/add_ln43_5_reg_183_reg[25]/D
  -------------------------------------------------------------------    -------------------

                         (clock ap_clk rise edge)    10.000    10.000 r  
                                                      0.000    10.000 r  ap_clk (IN)
                         net (fo=442, unset)          0.924    10.924    bd_0_i/hls_inst/inst/ap_clk
    SLICE_X37Y77         FDRE                                         r  bd_0_i/hls_inst/inst/add_ln43_5_reg_183_reg[25]/C
                         clock pessimism              0.000    10.924    
                         clock uncertainty           -0.035    10.889    
    SLICE_X37Y77         FDRE (Setup_fdre_C_D)        0.062    10.951    bd_0_i/hls_inst/inst/add_ln43_5_reg_183_reg[25]
  -------------------------------------------------------------------
                         required time                         10.951    
                         arrival time                          -5.649    
  -------------------------------------------------------------------
                         slack                                  5.302    

Slack (MET) :             5.323ns  (required time - arrival time)
  Source:                 bd_0_i/hls_inst/inst/HLS_TREEADD_PERIPH_BUS_s_axi_U/int_h_reg[2]/C
                            (rising edge-triggered cell FDRE clocked by ap_clk  {rise@0.000ns fall@5.000ns period=10.000ns})
  Destination:            bd_0_i/hls_inst/inst/add_ln43_5_reg_183_reg[27]/D
                            (rising edge-triggered cell FDRE clocked by ap_clk  {rise@0.000ns fall@5.000ns period=10.000ns})
  Path Group:             ap_clk
  Path Type:              Setup (Max at Slow Process Corner)
  Requirement:            10.000ns  (ap_clk rise@10.000ns - ap_clk rise@0.000ns)
  Data Path Delay:        4.655ns  (logic 2.426ns (52.119%)  route 2.229ns (47.881%))
  Logic Levels:           10  (CARRY4=7 LUT3=1 LUT5=1 LUT6=1)
  Clock Path Skew:        -0.049ns (DCD - SCD + CPR)
    Destination Clock Delay (DCD):    0.924ns = ( 10.924 - 10.000 ) 
    Source Clock Delay      (SCD):    0.973ns
    Clock Pessimism Removal (CPR):    0.000ns
  Clock Uncertainty:      0.035ns  ((TSJ^2 + TIJ^2)^1/2 + DJ) / 2 + PE
    Total System Jitter     (TSJ):    0.071ns
    Total Input Jitter      (TIJ):    0.000ns
    Discrete Jitter          (DJ):    0.000ns
    Phase Error              (PE):    0.000ns

    Location             Delay type                Incr(ns)  Path(ns)    Netlist Resource(s)
  -------------------------------------------------------------------    -------------------
                         (clock ap_clk rise edge)     0.000     0.000 r  
                                                      0.000     0.000 r  ap_clk (IN)
                         net (fo=442, unset)          0.973     0.973    bd_0_i/hls_inst/inst/HLS_TREEADD_PERIPH_BUS_s_axi_U/ap_clk
    SLICE_X42Y71         FDRE                                         r  bd_0_i/hls_inst/inst/HLS_TREEADD_PERIPH_BUS_s_axi_U/int_h_reg[2]/C
  -------------------------------------------------------------------    -------------------
    SLICE_X42Y71         FDRE (Prop_fdre_C_Q)         0.518     1.491 r  bd_0_i/hls_inst/inst/HLS_TREEADD_PERIPH_BUS_s_axi_U/int_h_reg[2]/Q
                         net (fo=5, routed)           0.748     2.239    bd_0_i/hls_inst/inst/HLS_TREEADD_PERIPH_BUS_s_axi_U/h[2]
    SLICE_X40Y70         LUT3 (Prop_lut3_I2_O)        0.124     2.363 r  bd_0_i/hls_inst/inst/HLS_TREEADD_PERIPH_BUS_s_axi_U/add_ln43_5_reg_183[3]_i_9/O
                         net (fo=3, routed)           0.958     3.322    bd_0_i/hls_inst/inst/HLS_TREEADD_PERIPH_BUS_s_axi_U/add_ln43_5_reg_183[3]_i_9_n_0
    SLICE_X36Y71         LUT5 (Prop_lut5_I1_O)        0.152     3.474 r  bd_0_i/hls_inst/inst/HLS_TREEADD_PERIPH_BUS_s_axi_U/add_ln43_5_reg_183[3]_i_2/O
                         net (fo=2, routed)           0.513     3.987    bd_0_i/hls_inst/inst/HLS_TREEADD_PERIPH_BUS_s_axi_U/add_ln43_5_reg_183[3]_i_2_n_0
    SLICE_X37Y71         LUT6 (Prop_lut6_I0_O)        0.348     4.335 r  bd_0_i/hls_inst/inst/HLS_TREEADD_PERIPH_BUS_s_axi_U/add_ln43_5_reg_183[3]_i_5/O
                         net (fo=1, routed)           0.000     4.335    bd_0_i/hls_inst/inst/HLS_TREEADD_PERIPH_BUS_s_axi_U/add_ln43_5_reg_183[3]_i_5_n_0
    SLICE_X37Y71         CARRY4 (Prop_carry4_S[3]_CO[3])
                                                      0.401     4.736 r  bd_0_i/hls_inst/inst/HLS_TREEADD_PERIPH_BUS_s_axi_U/add_ln43_5_reg_183_reg[3]_i_1/CO[3]
                         net (fo=1, routed)           0.000     4.736    bd_0_i/hls_inst/inst/HLS_TREEADD_PERIPH_BUS_s_axi_U/add_ln43_5_reg_183_reg[3]_i_1_n_0
    SLICE_X37Y72         CARRY4 (Prop_carry4_CI_CO[3])
                                                      0.114     4.850 r  bd_0_i/hls_inst/inst/HLS_TREEADD_PERIPH_BUS_s_axi_U/add_ln43_5_reg_183_reg[7]_i_1/CO[3]
                         net (fo=1, routed)           0.000     4.850    bd_0_i/hls_inst/inst/HLS_TREEADD_PERIPH_BUS_s_axi_U/add_ln43_5_reg_183_reg[7]_i_1_n_0
    SLICE_X37Y73         CARRY4 (Prop_carry4_CI_CO[3])
                                                      0.114     4.964 r  bd_0_i/hls_inst/inst/HLS_TREEADD_PERIPH_BUS_s_axi_U/add_ln43_5_reg_183_reg[11]_i_1/CO[3]
                         net (fo=1, routed)           0.000     4.964    bd_0_i/hls_inst/inst/HLS_TREEADD_PERIPH_BUS_s_axi_U/add_ln43_5_reg_183_reg[11]_i_1_n_0
    SLICE_X37Y74         CARRY4 (Prop_carry4_CI_CO[3])
                                                      0.114     5.078 r  bd_0_i/hls_inst/inst/HLS_TREEADD_PERIPH_BUS_s_axi_U/add_ln43_5_reg_183_reg[15]_i_1/CO[3]
                         net (fo=1, routed)           0.009     5.087    bd_0_i/hls_inst/inst/HLS_TREEADD_PERIPH_BUS_s_axi_U/add_ln43_5_reg_183_reg[15]_i_1_n_0
    SLICE_X37Y75         CARRY4 (Prop_carry4_CI_CO[3])
                                                      0.114     5.201 r  bd_0_i/hls_inst/inst/HLS_TREEADD_PERIPH_BUS_s_axi_U/add_ln43_5_reg_183_reg[19]_i_1/CO[3]
                         net (fo=1, routed)           0.000     5.201    bd_0_i/hls_inst/inst/HLS_TREEADD_PERIPH_BUS_s_axi_U/add_ln43_5_reg_183_reg[19]_i_1_n_0
    SLICE_X37Y76         CARRY4 (Prop_carry4_CI_CO[3])
                                                      0.114     5.315 r  bd_0_i/hls_inst/inst/HLS_TREEADD_PERIPH_BUS_s_axi_U/add_ln43_5_reg_183_reg[23]_i_1/CO[3]
                         net (fo=1, routed)           0.000     5.315    bd_0_i/hls_inst/inst/HLS_TREEADD_PERIPH_BUS_s_axi_U/add_ln43_5_reg_183_reg[23]_i_1_n_0
    SLICE_X37Y77         CARRY4 (Prop_carry4_CI_O[3])
                                                      0.313     5.628 r  bd_0_i/hls_inst/inst/HLS_TREEADD_PERIPH_BUS_s_axi_U/add_ln43_5_reg_183_reg[27]_i_1/O[3]
                         net (fo=1, routed)           0.000     5.628    bd_0_i/hls_inst/inst/add_ln43_5_fu_157_p2[27]
    SLICE_X37Y77         FDRE                                         r  bd_0_i/hls_inst/inst/add_ln43_5_reg_183_reg[27]/D
  -------------------------------------------------------------------    -------------------

                         (clock ap_clk rise edge)    10.000    10.000 r  
                                                      0.000    10.000 r  ap_clk (IN)
                         net (fo=442, unset)          0.924    10.924    bd_0_i/hls_inst/inst/ap_clk
    SLICE_X37Y77         FDRE                                         r  bd_0_i/hls_inst/inst/add_ln43_5_reg_183_reg[27]/C
                         clock pessimism              0.000    10.924    
                         clock uncertainty           -0.035    10.889    
    SLICE_X37Y77         FDRE (Setup_fdre_C_D)        0.062    10.951    bd_0_i/hls_inst/inst/add_ln43_5_reg_183_reg[27]
  -------------------------------------------------------------------
                         required time                         10.951    
                         arrival time                          -5.628    
  -------------------------------------------------------------------
                         slack                                  5.323    

Slack (MET) :             5.397ns  (required time - arrival time)
  Source:                 bd_0_i/hls_inst/inst/HLS_TREEADD_PERIPH_BUS_s_axi_U/int_h_reg[2]/C
                            (rising edge-triggered cell FDRE clocked by ap_clk  {rise@0.000ns fall@5.000ns period=10.000ns})
  Destination:            bd_0_i/hls_inst/inst/add_ln43_5_reg_183_reg[26]/D
                            (rising edge-triggered cell FDRE clocked by ap_clk  {rise@0.000ns fall@5.000ns period=10.000ns})
  Path Group:             ap_clk
  Path Type:              Setup (Max at Slow Process Corner)
  Requirement:            10.000ns  (ap_clk rise@10.000ns - ap_clk rise@0.000ns)
  Data Path Delay:        4.581ns  (logic 2.352ns (51.345%)  route 2.229ns (48.655%))
  Logic Levels:           10  (CARRY4=7 LUT3=1 LUT5=1 LUT6=1)
  Clock Path Skew:        -0.049ns (DCD - SCD + CPR)
    Destination Clock Delay (DCD):    0.924ns = ( 10.924 - 10.000 ) 
    Source Clock Delay      (SCD):    0.973ns
    Clock Pessimism Removal (CPR):    0.000ns
  Clock Uncertainty:      0.035ns  ((TSJ^2 + TIJ^2)^1/2 + DJ) / 2 + PE
    Total System Jitter     (TSJ):    0.071ns
    Total Input Jitter      (TIJ):    0.000ns
    Discrete Jitter          (DJ):    0.000ns
    Phase Error              (PE):    0.000ns

    Location             Delay type                Incr(ns)  Path(ns)    Netlist Resource(s)
  -------------------------------------------------------------------    -------------------
                         (clock ap_clk rise edge)     0.000     0.000 r  
                                                      0.000     0.000 r  ap_clk (IN)
                         net (fo=442, unset)          0.973     0.973    bd_0_i/hls_inst/inst/HLS_TREEADD_PERIPH_BUS_s_axi_U/ap_clk
    SLICE_X42Y71         FDRE                                         r  bd_0_i/hls_inst/inst/HLS_TREEADD_PERIPH_BUS_s_axi_U/int_h_reg[2]/C
  -------------------------------------------------------------------    -------------------
    SLICE_X42Y71         FDRE (Prop_fdre_C_Q)         0.518     1.491 r  bd_0_i/hls_inst/inst/HLS_TREEADD_PERIPH_BUS_s_axi_U/int_h_reg[2]/Q
                         net (fo=5, routed)           0.748     2.239    bd_0_i/hls_inst/inst/HLS_TREEADD_PERIPH_BUS_s_axi_U/h[2]
    SLICE_X40Y70         LUT3 (Prop_lut3_I2_O)        0.124     2.363 r  bd_0_i/hls_inst/inst/HLS_TREEADD_PERIPH_BUS_s_axi_U/add_ln43_5_reg_183[3]_i_9/O
                         net (fo=3, routed)           0.958     3.322    bd_0_i/hls_inst/inst/HLS_TREEADD_PERIPH_BUS_s_axi_U/add_ln43_5_reg_183[3]_i_9_n_0
    SLICE_X36Y71         LUT5 (Prop_lut5_I1_O)        0.152     3.474 r  bd_0_i/hls_inst/inst/HLS_TREEADD_PERIPH_BUS_s_axi_U/add_ln43_5_reg_183[3]_i_2/O
                         net (fo=2, routed)           0.513     3.987    bd_0_i/hls_inst/inst/HLS_TREEADD_PERIPH_BUS_s_axi_U/add_ln43_5_reg_183[3]_i_2_n_0
    SLICE_X37Y71         LUT6 (Prop_lut6_I0_O)        0.348     4.335 r  bd_0_i/hls_inst/inst/HLS_TREEADD_PERIPH_BUS_s_axi_U/add_ln43_5_reg_183[3]_i_5/O
                         net (fo=1, routed)           0.000     4.335    bd_0_i/hls_inst/inst/HLS_TREEADD_PERIPH_BUS_s_axi_U/add_ln43_5_reg_183[3]_i_5_n_0
    SLICE_X37Y71         CARRY4 (Prop_carry4_S[3]_CO[3])
                                                      0.401     4.736 r  bd_0_i/hls_inst/inst/HLS_TREEADD_PERIPH_BUS_s_axi_U/add_ln43_5_reg_183_reg[3]_i_1/CO[3]
                         net (fo=1, routed)           0.000     4.736    bd_0_i/hls_inst/inst/HLS_TREEADD_PERIPH_BUS_s_axi_U/add_ln43_5_reg_183_reg[3]_i_1_n_0
    SLICE_X37Y72         CARRY4 (Prop_carry4_CI_CO[3])
                                                      0.114     4.850 r  bd_0_i/hls_inst/inst/HLS_TREEADD_PERIPH_BUS_s_axi_U/add_ln43_5_reg_183_reg[7]_i_1/CO[3]
                         net (fo=1, routed)           0.000     4.850    bd_0_i/hls_inst/inst/HLS_TREEADD_PERIPH_BUS_s_axi_U/add_ln43_5_reg_183_reg[7]_i_1_n_0
    SLICE_X37Y73         CARRY4 (Prop_carry4_CI_CO[3])
                                                      0.114     4.964 r  bd_0_i/hls_inst/inst/HLS_TREEADD_PERIPH_BUS_s_axi_U/add_ln43_5_reg_183_reg[11]_i_1/CO[3]
                         net (fo=1, routed)           0.000     4.964    bd_0_i/hls_inst/inst/HLS_TREEADD_PERIPH_BUS_s_axi_U/add_ln43_5_reg_183_reg[11]_i_1_n_0
    SLICE_X37Y74         CARRY4 (Prop_carry4_CI_CO[3])
                                                      0.114     5.078 r  bd_0_i/hls_inst/inst/HLS_TREEADD_PERIPH_BUS_s_axi_U/add_ln43_5_reg_183_reg[15]_i_1/CO[3]
                         net (fo=1, routed)           0.009     5.087    bd_0_i/hls_inst/inst/HLS_TREEADD_PERIPH_BUS_s_axi_U/add_ln43_5_reg_183_reg[15]_i_1_n_0
    SLICE_X37Y75         CARRY4 (Prop_carry4_CI_CO[3])
                                                      0.114     5.201 r  bd_0_i/hls_inst/inst/HLS_TREEADD_PERIPH_BUS_s_axi_U/add_ln43_5_reg_183_reg[19]_i_1/CO[3]
                         net (fo=1, routed)           0.000     5.201    bd_0_i/hls_inst/inst/HLS_TREEADD_PERIPH_BUS_s_axi_U/add_ln43_5_reg_183_reg[19]_i_1_n_0
    SLICE_X37Y76         CARRY4 (Prop_carry4_CI_CO[3])
                                                      0.114     5.315 r  bd_0_i/hls_inst/inst/HLS_TREEADD_PERIPH_BUS_s_axi_U/add_ln43_5_reg_183_reg[23]_i_1/CO[3]
                         net (fo=1, routed)           0.000     5.315    bd_0_i/hls_inst/inst/HLS_TREEADD_PERIPH_BUS_s_axi_U/add_ln43_5_reg_183_reg[23]_i_1_n_0
    SLICE_X37Y77         CARRY4 (Prop_carry4_CI_O[2])
                                                      0.239     5.554 r  bd_0_i/hls_inst/inst/HLS_TREEADD_PERIPH_BUS_s_axi_U/add_ln43_5_reg_183_reg[27]_i_1/O[2]
                         net (fo=1, routed)           0.000     5.554    bd_0_i/hls_inst/inst/add_ln43_5_fu_157_p2[26]
    SLICE_X37Y77         FDRE                                         r  bd_0_i/hls_inst/inst/add_ln43_5_reg_183_reg[26]/D
  -------------------------------------------------------------------    -------------------

                         (clock ap_clk rise edge)    10.000    10.000 r  
                                                      0.000    10.000 r  ap_clk (IN)
                         net (fo=442, unset)          0.924    10.924    bd_0_i/hls_inst/inst/ap_clk
    SLICE_X37Y77         FDRE                                         r  bd_0_i/hls_inst/inst/add_ln43_5_reg_183_reg[26]/C
                         clock pessimism              0.000    10.924    
                         clock uncertainty           -0.035    10.889    
    SLICE_X37Y77         FDRE (Setup_fdre_C_D)        0.062    10.951    bd_0_i/hls_inst/inst/add_ln43_5_reg_183_reg[26]
  -------------------------------------------------------------------
                         required time                         10.951    
                         arrival time                          -5.554    
  -------------------------------------------------------------------
                         slack                                  5.397    

Slack (MET) :             5.413ns  (required time - arrival time)
  Source:                 bd_0_i/hls_inst/inst/HLS_TREEADD_PERIPH_BUS_s_axi_U/int_h_reg[2]/C
                            (rising edge-triggered cell FDRE clocked by ap_clk  {rise@0.000ns fall@5.000ns period=10.000ns})
  Destination:            bd_0_i/hls_inst/inst/add_ln43_5_reg_183_reg[24]/D
                            (rising edge-triggered cell FDRE clocked by ap_clk  {rise@0.000ns fall@5.000ns period=10.000ns})
  Path Group:             ap_clk
  Path Type:              Setup (Max at Slow Process Corner)
  Requirement:            10.000ns  (ap_clk rise@10.000ns - ap_clk rise@0.000ns)
  Data Path Delay:        4.565ns  (logic 2.336ns (51.175%)  route 2.229ns (48.826%))
  Logic Levels:           10  (CARRY4=7 LUT3=1 LUT5=1 LUT6=1)
  Clock Path Skew:        -0.049ns (DCD - SCD + CPR)
    Destination Clock Delay (DCD):    0.924ns = ( 10.924 - 10.000 ) 
    Source Clock Delay      (SCD):    0.973ns
    Clock Pessimism Removal (CPR):    0.000ns
  Clock Uncertainty:      0.035ns  ((TSJ^2 + TIJ^2)^1/2 + DJ) / 2 + PE
    Total System Jitter     (TSJ):    0.071ns
    Total Input Jitter      (TIJ):    0.000ns
    Discrete Jitter          (DJ):    0.000ns
    Phase Error              (PE):    0.000ns

    Location             Delay type                Incr(ns)  Path(ns)    Netlist Resource(s)
  -------------------------------------------------------------------    -------------------
                         (clock ap_clk rise edge)     0.000     0.000 r  
                                                      0.000     0.000 r  ap_clk (IN)
                         net (fo=442, unset)          0.973     0.973    bd_0_i/hls_inst/inst/HLS_TREEADD_PERIPH_BUS_s_axi_U/ap_clk
    SLICE_X42Y71         FDRE                                         r  bd_0_i/hls_inst/inst/HLS_TREEADD_PERIPH_BUS_s_axi_U/int_h_reg[2]/C
  -------------------------------------------------------------------    -------------------
    SLICE_X42Y71         FDRE (Prop_fdre_C_Q)         0.518     1.491 r  bd_0_i/hls_inst/inst/HLS_TREEADD_PERIPH_BUS_s_axi_U/int_h_reg[2]/Q
                         net (fo=5, routed)           0.748     2.239    bd_0_i/hls_inst/inst/HLS_TREEADD_PERIPH_BUS_s_axi_U/h[2]
    SLICE_X40Y70         LUT3 (Prop_lut3_I2_O)        0.124     2.363 r  bd_0_i/hls_inst/inst/HLS_TREEADD_PERIPH_BUS_s_axi_U/add_ln43_5_reg_183[3]_i_9/O
                         net (fo=3, routed)           0.958     3.322    bd_0_i/hls_inst/inst/HLS_TREEADD_PERIPH_BUS_s_axi_U/add_ln43_5_reg_183[3]_i_9_n_0
    SLICE_X36Y71         LUT5 (Prop_lut5_I1_O)        0.152     3.474 r  bd_0_i/hls_inst/inst/HLS_TREEADD_PERIPH_BUS_s_axi_U/add_ln43_5_reg_183[3]_i_2/O
                         net (fo=2, routed)           0.513     3.987    bd_0_i/hls_inst/inst/HLS_TREEADD_PERIPH_BUS_s_axi_U/add_ln43_5_reg_183[3]_i_2_n_0
    SLICE_X37Y71         LUT6 (Prop_lut6_I0_O)        0.348     4.335 r  bd_0_i/hls_inst/inst/HLS_TREEADD_PERIPH_BUS_s_axi_U/add_ln43_5_reg_183[3]_i_5/O
                         net (fo=1, routed)           0.000     4.335    bd_0_i/hls_inst/inst/HLS_TREEADD_PERIPH_BUS_s_axi_U/add_ln43_5_reg_183[3]_i_5_n_0
    SLICE_X37Y71         CARRY4 (Prop_carry4_S[3]_CO[3])
                                                      0.401     4.736 r  bd_0_i/hls_inst/inst/HLS_TREEADD_PERIPH_BUS_s_axi_U/add_ln43_5_reg_183_reg[3]_i_1/CO[3]
                         net (fo=1, routed)           0.000     4.736    bd_0_i/hls_inst/inst/HLS_TREEADD_PERIPH_BUS_s_axi_U/add_ln43_5_reg_183_reg[3]_i_1_n_0
    SLICE_X37Y72         CARRY4 (Prop_carry4_CI_CO[3])
                                                      0.114     4.850 r  bd_0_i/hls_inst/inst/HLS_TREEADD_PERIPH_BUS_s_axi_U/add_ln43_5_reg_183_reg[7]_i_1/CO[3]
                         net (fo=1, routed)           0.000     4.850    bd_0_i/hls_inst/inst/HLS_TREEADD_PERIPH_BUS_s_axi_U/add_ln43_5_reg_183_reg[7]_i_1_n_0
    SLICE_X37Y73         CARRY4 (Prop_carry4_CI_CO[3])
                                                      0.114     4.964 r  bd_0_i/hls_inst/inst/HLS_TREEADD_PERIPH_BUS_s_axi_U/add_ln43_5_reg_183_reg[11]_i_1/CO[3]
                         net (fo=1, routed)           0.000     4.964    bd_0_i/hls_inst/inst/HLS_TREEADD_PERIPH_BUS_s_axi_U/add_ln43_5_reg_183_reg[11]_i_1_n_0
    SLICE_X37Y74         CARRY4 (Prop_carry4_CI_CO[3])
                                                      0.114     5.078 r  bd_0_i/hls_inst/inst/HLS_TREEADD_PERIPH_BUS_s_axi_U/add_ln43_5_reg_183_reg[15]_i_1/CO[3]
                         net (fo=1, routed)           0.009     5.087    bd_0_i/hls_inst/inst/HLS_TREEADD_PERIPH_BUS_s_axi_U/add_ln43_5_reg_183_reg[15]_i_1_n_0
    SLICE_X37Y75         CARRY4 (Prop_carry4_CI_CO[3])
                                                      0.114     5.201 r  bd_0_i/hls_inst/inst/HLS_TREEADD_PERIPH_BUS_s_axi_U/add_ln43_5_reg_183_reg[19]_i_1/CO[3]
                         net (fo=1, routed)           0.000     5.201    bd_0_i/hls_inst/inst/HLS_TREEADD_PERIPH_BUS_s_axi_U/add_ln43_5_reg_183_reg[19]_i_1_n_0
    SLICE_X37Y76         CARRY4 (Prop_carry4_CI_CO[3])
                                                      0.114     5.315 r  bd_0_i/hls_inst/inst/HLS_TREEADD_PERIPH_BUS_s_axi_U/add_ln43_5_reg_183_reg[23]_i_1/CO[3]
                         net (fo=1, routed)           0.000     5.315    bd_0_i/hls_inst/inst/HLS_TREEADD_PERIPH_BUS_s_axi_U/add_ln43_5_reg_183_reg[23]_i_1_n_0
    SLICE_X37Y77         CARRY4 (Prop_carry4_CI_O[0])
                                                      0.223     5.538 r  bd_0_i/hls_inst/inst/HLS_TREEADD_PERIPH_BUS_s_axi_U/add_ln43_5_reg_183_reg[27]_i_1/O[0]
                         net (fo=1, routed)           0.000     5.538    bd_0_i/hls_inst/inst/add_ln43_5_fu_157_p2[24]
    SLICE_X37Y77         FDRE                                         r  bd_0_i/hls_inst/inst/add_ln43_5_reg_183_reg[24]/D
  -------------------------------------------------------------------    -------------------

                         (clock ap_clk rise edge)    10.000    10.000 r  
                                                      0.000    10.000 r  ap_clk (IN)
                         net (fo=442, unset)          0.924    10.924    bd_0_i/hls_inst/inst/ap_clk
    SLICE_X37Y77         FDRE                                         r  bd_0_i/hls_inst/inst/add_ln43_5_reg_183_reg[24]/C
                         clock pessimism              0.000    10.924    
                         clock uncertainty           -0.035    10.889    
    SLICE_X37Y77         FDRE (Setup_fdre_C_D)        0.062    10.951    bd_0_i/hls_inst/inst/add_ln43_5_reg_183_reg[24]
  -------------------------------------------------------------------
                         required time                         10.951    
                         arrival time                          -5.538    
  -------------------------------------------------------------------
                         slack                                  5.413    

Slack (MET) :             5.416ns  (required time - arrival time)
  Source:                 bd_0_i/hls_inst/inst/HLS_TREEADD_PERIPH_BUS_s_axi_U/int_h_reg[2]/C
                            (rising edge-triggered cell FDRE clocked by ap_clk  {rise@0.000ns fall@5.000ns period=10.000ns})
  Destination:            bd_0_i/hls_inst/inst/add_ln43_5_reg_183_reg[21]/D
                            (rising edge-triggered cell FDRE clocked by ap_clk  {rise@0.000ns fall@5.000ns period=10.000ns})
  Path Group:             ap_clk
  Path Type:              Setup (Max at Slow Process Corner)
  Requirement:            10.000ns  (ap_clk rise@10.000ns - ap_clk rise@0.000ns)
  Data Path Delay:        4.562ns  (logic 2.333ns (51.142%)  route 2.229ns (48.858%))
  Logic Levels:           9  (CARRY4=6 LUT3=1 LUT5=1 LUT6=1)
  Clock Path Skew:        -0.049ns (DCD - SCD + CPR)
    Destination Clock Delay (DCD):    0.924ns = ( 10.924 - 10.000 ) 
    Source Clock Delay      (SCD):    0.973ns
    Clock Pessimism Removal (CPR):    0.000ns
  Clock Uncertainty:      0.035ns  ((TSJ^2 + TIJ^2)^1/2 + DJ) / 2 + PE
    Total System Jitter     (TSJ):    0.071ns
    Total Input Jitter      (TIJ):    0.000ns
    Discrete Jitter          (DJ):    0.000ns
    Phase Error              (PE):    0.000ns

    Location             Delay type                Incr(ns)  Path(ns)    Netlist Resource(s)
  -------------------------------------------------------------------    -------------------
                         (clock ap_clk rise edge)     0.000     0.000 r  
                                                      0.000     0.000 r  ap_clk (IN)
                         net (fo=442, unset)          0.973     0.973    bd_0_i/hls_inst/inst/HLS_TREEADD_PERIPH_BUS_s_axi_U/ap_clk
    SLICE_X42Y71         FDRE                                         r  bd_0_i/hls_inst/inst/HLS_TREEADD_PERIPH_BUS_s_axi_U/int_h_reg[2]/C
  -------------------------------------------------------------------    -------------------
    SLICE_X42Y71         FDRE (Prop_fdre_C_Q)         0.518     1.491 r  bd_0_i/hls_inst/inst/HLS_TREEADD_PERIPH_BUS_s_axi_U/int_h_reg[2]/Q
                         net (fo=5, routed)           0.748     2.239    bd_0_i/hls_inst/inst/HLS_TREEADD_PERIPH_BUS_s_axi_U/h[2]
    SLICE_X40Y70         LUT3 (Prop_lut3_I2_O)        0.124     2.363 r  bd_0_i/hls_inst/inst/HLS_TREEADD_PERIPH_BUS_s_axi_U/add_ln43_5_reg_183[3]_i_9/O
                         net (fo=3, routed)           0.958     3.322    bd_0_i/hls_inst/inst/HLS_TREEADD_PERIPH_BUS_s_axi_U/add_ln43_5_reg_183[3]_i_9_n_0
    SLICE_X36Y71         LUT5 (Prop_lut5_I1_O)        0.152     3.474 r  bd_0_i/hls_inst/inst/HLS_TREEADD_PERIPH_BUS_s_axi_U/add_ln43_5_reg_183[3]_i_2/O
                         net (fo=2, routed)           0.513     3.987    bd_0_i/hls_inst/inst/HLS_TREEADD_PERIPH_BUS_s_axi_U/add_ln43_5_reg_183[3]_i_2_n_0
    SLICE_X37Y71         LUT6 (Prop_lut6_I0_O)        0.348     4.335 r  bd_0_i/hls_inst/inst/HLS_TREEADD_PERIPH_BUS_s_axi_U/add_ln43_5_reg_183[3]_i_5/O
                         net (fo=1, routed)           0.000     4.335    bd_0_i/hls_inst/inst/HLS_TREEADD_PERIPH_BUS_s_axi_U/add_ln43_5_reg_183[3]_i_5_n_0
    SLICE_X37Y71         CARRY4 (Prop_carry4_S[3]_CO[3])
                                                      0.401     4.736 r  bd_0_i/hls_inst/inst/HLS_TREEADD_PERIPH_BUS_s_axi_U/add_ln43_5_reg_183_reg[3]_i_1/CO[3]
                         net (fo=1, routed)           0.000     4.736    bd_0_i/hls_inst/inst/HLS_TREEADD_PERIPH_BUS_s_axi_U/add_ln43_5_reg_183_reg[3]_i_1_n_0
    SLICE_X37Y72         CARRY4 (Prop_carry4_CI_CO[3])
                                                      0.114     4.850 r  bd_0_i/hls_inst/inst/HLS_TREEADD_PERIPH_BUS_s_axi_U/add_ln43_5_reg_183_reg[7]_i_1/CO[3]
                         net (fo=1, routed)           0.000     4.850    bd_0_i/hls_inst/inst/HLS_TREEADD_PERIPH_BUS_s_axi_U/add_ln43_5_reg_183_reg[7]_i_1_n_0
    SLICE_X37Y73         CARRY4 (Prop_carry4_CI_CO[3])
                                                      0.114     4.964 r  bd_0_i/hls_inst/inst/HLS_TREEADD_PERIPH_BUS_s_axi_U/add_ln43_5_reg_183_reg[11]_i_1/CO[3]
                         net (fo=1, routed)           0.000     4.964    bd_0_i/hls_inst/inst/HLS_TREEADD_PERIPH_BUS_s_axi_U/add_ln43_5_reg_183_reg[11]_i_1_n_0
    SLICE_X37Y74         CARRY4 (Prop_carry4_CI_CO[3])
                                                      0.114     5.078 r  bd_0_i/hls_inst/inst/HLS_TREEADD_PERIPH_BUS_s_axi_U/add_ln43_5_reg_183_reg[15]_i_1/CO[3]
                         net (fo=1, routed)           0.009     5.087    bd_0_i/hls_inst/inst/HLS_TREEADD_PERIPH_BUS_s_axi_U/add_ln43_5_reg_183_reg[15]_i_1_n_0
    SLICE_X37Y75         CARRY4 (Prop_carry4_CI_CO[3])
                                                      0.114     5.201 r  bd_0_i/hls_inst/inst/HLS_TREEADD_PERIPH_BUS_s_axi_U/add_ln43_5_reg_183_reg[19]_i_1/CO[3]
                         net (fo=1, routed)           0.000     5.201    bd_0_i/hls_inst/inst/HLS_TREEADD_PERIPH_BUS_s_axi_U/add_ln43_5_reg_183_reg[19]_i_1_n_0
    SLICE_X37Y76         CARRY4 (Prop_carry4_CI_O[1])
                                                      0.334     5.535 r  bd_0_i/hls_inst/inst/HLS_TREEADD_PERIPH_BUS_s_axi_U/add_ln43_5_reg_183_reg[23]_i_1/O[1]
                         net (fo=1, routed)           0.000     5.535    bd_0_i/hls_inst/inst/add_ln43_5_fu_157_p2[21]
    SLICE_X37Y76         FDRE                                         r  bd_0_i/hls_inst/inst/add_ln43_5_reg_183_reg[21]/D
  -------------------------------------------------------------------    -------------------

                         (clock ap_clk rise edge)    10.000    10.000 r  
                                                      0.000    10.000 r  ap_clk (IN)
                         net (fo=442, unset)          0.924    10.924    bd_0_i/hls_inst/inst/ap_clk
    SLICE_X37Y76         FDRE                                         r  bd_0_i/hls_inst/inst/add_ln43_5_reg_183_reg[21]/C
                         clock pessimism              0.000    10.924    
                         clock uncertainty           -0.035    10.889    
    SLICE_X37Y76         FDRE (Setup_fdre_C_D)        0.062    10.951    bd_0_i/hls_inst/inst/add_ln43_5_reg_183_reg[21]
  -------------------------------------------------------------------
                         required time                         10.951    
                         arrival time                          -5.535    
  -------------------------------------------------------------------
                         slack                                  5.416    





Min Delay Paths
--------------------------------------------------------------------------------------
Slack (MET) :             0.150ns  (arrival time - required time)
  Source:                 bd_0_i/hls_inst/inst/HLS_TREEADD_PERIPH_BUS_s_axi_U/int_isr_reg[1]/C
                            (rising edge-triggered cell FDRE clocked by ap_clk  {rise@0.000ns fall@5.000ns period=10.000ns})
  Destination:            bd_0_i/hls_inst/inst/HLS_TREEADD_PERIPH_BUS_s_axi_U/int_interrupt_reg/D
                            (rising edge-triggered cell FDRE clocked by ap_clk  {rise@0.000ns fall@5.000ns period=10.000ns})
  Path Group:             ap_clk
  Path Type:              Hold (Min at Fast Process Corner)
  Requirement:            0.000ns  (ap_clk rise@0.000ns - ap_clk rise@0.000ns)
  Data Path Delay:        0.263ns  (logic 0.186ns (70.709%)  route 0.077ns (29.291%))
  Logic Levels:           1  (LUT3=1)
  Clock Path Skew:        0.022ns (DCD - SCD - CPR)
    Destination Clock Delay (DCD):    0.432ns
    Source Clock Delay      (SCD):    0.410ns
    Clock Pessimism Removal (CPR):    -0.000ns

    Location             Delay type                Incr(ns)  Path(ns)    Netlist Resource(s)
  -------------------------------------------------------------------    -------------------
                         (clock ap_clk rise edge)     0.000     0.000 r  
                                                      0.000     0.000 r  ap_clk (IN)
                         net (fo=442, unset)          0.410     0.410    bd_0_i/hls_inst/inst/HLS_TREEADD_PERIPH_BUS_s_axi_U/ap_clk
    SLICE_X44Y77         FDRE                                         r  bd_0_i/hls_inst/inst/HLS_TREEADD_PERIPH_BUS_s_axi_U/int_isr_reg[1]/C
  -------------------------------------------------------------------    -------------------
    SLICE_X44Y77         FDRE (Prop_fdre_C_Q)         0.141     0.551 r  bd_0_i/hls_inst/inst/HLS_TREEADD_PERIPH_BUS_s_axi_U/int_isr_reg[1]/Q
                         net (fo=4, routed)           0.077     0.628    bd_0_i/hls_inst/inst/HLS_TREEADD_PERIPH_BUS_s_axi_U/int_isr_reg_n_0_[1]
    SLICE_X45Y77         LUT3 (Prop_lut3_I0_O)        0.045     0.673 r  bd_0_i/hls_inst/inst/HLS_TREEADD_PERIPH_BUS_s_axi_U/int_interrupt_i_1/O
                         net (fo=1, routed)           0.000     0.673    bd_0_i/hls_inst/inst/HLS_TREEADD_PERIPH_BUS_s_axi_U/int_interrupt0
    SLICE_X45Y77         FDRE                                         r  bd_0_i/hls_inst/inst/HLS_TREEADD_PERIPH_BUS_s_axi_U/int_interrupt_reg/D
  -------------------------------------------------------------------    -------------------

                         (clock ap_clk rise edge)     0.000     0.000 r  
                                                      0.000     0.000 r  ap_clk (IN)
                         net (fo=442, unset)          0.432     0.432    bd_0_i/hls_inst/inst/HLS_TREEADD_PERIPH_BUS_s_axi_U/ap_clk
    SLICE_X45Y77         FDRE                                         r  bd_0_i/hls_inst/inst/HLS_TREEADD_PERIPH_BUS_s_axi_U/int_interrupt_reg/C
                         clock pessimism              0.000     0.432    
    SLICE_X45Y77         FDRE (Hold_fdre_C_D)         0.091     0.523    bd_0_i/hls_inst/inst/HLS_TREEADD_PERIPH_BUS_s_axi_U/int_interrupt_reg
  -------------------------------------------------------------------
                         required time                         -0.523    
                         arrival time                           0.673    
  -------------------------------------------------------------------
                         slack                                  0.150    

Slack (MET) :             0.202ns  (arrival time - required time)
  Source:                 bd_0_i/hls_inst/inst/HLS_TREEADD_PERIPH_BUS_s_axi_U/int_b_reg[26]/C
                            (rising edge-triggered cell FDRE clocked by ap_clk  {rise@0.000ns fall@5.000ns period=10.000ns})
  Destination:            bd_0_i/hls_inst/inst/HLS_TREEADD_PERIPH_BUS_s_axi_U/rdata_reg[26]/D
                            (rising edge-triggered cell FDRE clocked by ap_clk  {rise@0.000ns fall@5.000ns period=10.000ns})
  Path Group:             ap_clk
  Path Type:              Hold (Min at Fast Process Corner)
  Requirement:            0.000ns  (ap_clk rise@0.000ns - ap_clk rise@0.000ns)
  Data Path Delay:        0.328ns  (logic 0.251ns (76.479%)  route 0.077ns (23.521%))
  Logic Levels:           2  (LUT6=1 MUXF7=1)
  Clock Path Skew:        0.022ns (DCD - SCD - CPR)
    Destination Clock Delay (DCD):    0.432ns
    Source Clock Delay      (SCD):    0.410ns
    Clock Pessimism Removal (CPR):    -0.000ns

    Location             Delay type                Incr(ns)  Path(ns)    Netlist Resource(s)
  -------------------------------------------------------------------    -------------------
                         (clock ap_clk rise edge)     0.000     0.000 r  
                                                      0.000     0.000 r  ap_clk (IN)
                         net (fo=442, unset)          0.410     0.410    bd_0_i/hls_inst/inst/HLS_TREEADD_PERIPH_BUS_s_axi_U/ap_clk
    SLICE_X40Y79         FDRE                                         r  bd_0_i/hls_inst/inst/HLS_TREEADD_PERIPH_BUS_s_axi_U/int_b_reg[26]/C
  -------------------------------------------------------------------    -------------------
    SLICE_X40Y79         FDRE (Prop_fdre_C_Q)         0.141     0.551 r  bd_0_i/hls_inst/inst/HLS_TREEADD_PERIPH_BUS_s_axi_U/int_b_reg[26]/Q
                         net (fo=4, routed)           0.077     0.628    bd_0_i/hls_inst/inst/HLS_TREEADD_PERIPH_BUS_s_axi_U/b[26]
    SLICE_X41Y79         LUT6 (Prop_lut6_I0_O)        0.045     0.673 r  bd_0_i/hls_inst/inst/HLS_TREEADD_PERIPH_BUS_s_axi_U/rdata[26]_i_3/O
                         net (fo=1, routed)           0.000     0.673    bd_0_i/hls_inst/inst/HLS_TREEADD_PERIPH_BUS_s_axi_U/rdata[26]_i_3_n_0
    SLICE_X41Y79         MUXF7 (Prop_muxf7_I1_O)      0.065     0.738 r  bd_0_i/hls_inst/inst/HLS_TREEADD_PERIPH_BUS_s_axi_U/rdata_reg[26]_i_1/O
                         net (fo=1, routed)           0.000     0.738    bd_0_i/hls_inst/inst/HLS_TREEADD_PERIPH_BUS_s_axi_U/rdata_reg[26]_i_1_n_0
    SLICE_X41Y79         FDRE                                         r  bd_0_i/hls_inst/inst/HLS_TREEADD_PERIPH_BUS_s_axi_U/rdata_reg[26]/D
  -------------------------------------------------------------------    -------------------

                         (clock ap_clk rise edge)     0.000     0.000 r  
                                                      0.000     0.000 r  ap_clk (IN)
                         net (fo=442, unset)          0.432     0.432    bd_0_i/hls_inst/inst/HLS_TREEADD_PERIPH_BUS_s_axi_U/ap_clk
    SLICE_X41Y79         FDRE                                         r  bd_0_i/hls_inst/inst/HLS_TREEADD_PERIPH_BUS_s_axi_U/rdata_reg[26]/C
                         clock pessimism              0.000     0.432    
    SLICE_X41Y79         FDRE (Hold_fdre_C_D)         0.105     0.537    bd_0_i/hls_inst/inst/HLS_TREEADD_PERIPH_BUS_s_axi_U/rdata_reg[26]
  -------------------------------------------------------------------
                         required time                         -0.537    
                         arrival time                           0.738    
  -------------------------------------------------------------------
                         slack                                  0.202    

Slack (MET) :             0.204ns  (arrival time - required time)
  Source:                 bd_0_i/hls_inst/inst/HLS_TREEADD_PERIPH_BUS_s_axi_U/auto_restart_status_reg/C
                            (rising edge-triggered cell FDRE clocked by ap_clk  {rise@0.000ns fall@5.000ns period=10.000ns})
  Destination:            bd_0_i/hls_inst/inst/HLS_TREEADD_PERIPH_BUS_s_axi_U/int_task_ap_done_reg/D
                            (rising edge-triggered cell FDRE clocked by ap_clk  {rise@0.000ns fall@5.000ns period=10.000ns})
  Path Group:             ap_clk
  Path Type:              Hold (Min at Fast Process Corner)
  Requirement:            0.000ns  (ap_clk rise@0.000ns - ap_clk rise@0.000ns)
  Data Path Delay:        0.317ns  (logic 0.186ns (58.599%)  route 0.131ns (41.401%))
  Logic Levels:           1  (LUT6=1)
  Clock Path Skew:        0.022ns (DCD - SCD - CPR)
    Destination Clock Delay (DCD):    0.432ns
    Source Clock Delay      (SCD):    0.410ns
    Clock Pessimism Removal (CPR):    -0.000ns

    Location             Delay type                Incr(ns)  Path(ns)    Netlist Resource(s)
  -------------------------------------------------------------------    -------------------
                         (clock ap_clk rise edge)     0.000     0.000 r  
                                                      0.000     0.000 r  ap_clk (IN)
                         net (fo=442, unset)          0.410     0.410    bd_0_i/hls_inst/inst/HLS_TREEADD_PERIPH_BUS_s_axi_U/ap_clk
    SLICE_X43Y77         FDRE                                         r  bd_0_i/hls_inst/inst/HLS_TREEADD_PERIPH_BUS_s_axi_U/auto_restart_status_reg/C
  -------------------------------------------------------------------    -------------------
    SLICE_X43Y77         FDRE (Prop_fdre_C_Q)         0.141     0.551 r  bd_0_i/hls_inst/inst/HLS_TREEADD_PERIPH_BUS_s_axi_U/auto_restart_status_reg/Q
                         net (fo=2, routed)           0.131     0.683    bd_0_i/hls_inst/inst/HLS_TREEADD_PERIPH_BUS_s_axi_U/auto_restart_status_reg_n_0
    SLICE_X44Y77         LUT6 (Prop_lut6_I0_O)        0.045     0.728 r  bd_0_i/hls_inst/inst/HLS_TREEADD_PERIPH_BUS_s_axi_U/int_task_ap_done_i_1/O
                         net (fo=1, routed)           0.000     0.728    bd_0_i/hls_inst/inst/HLS_TREEADD_PERIPH_BUS_s_axi_U/int_task_ap_done_i_1_n_0
    SLICE_X44Y77         FDRE                                         r  bd_0_i/hls_inst/inst/HLS_TREEADD_PERIPH_BUS_s_axi_U/int_task_ap_done_reg/D
  -------------------------------------------------------------------    -------------------

                         (clock ap_clk rise edge)     0.000     0.000 r  
                                                      0.000     0.000 r  ap_clk (IN)
                         net (fo=442, unset)          0.432     0.432    bd_0_i/hls_inst/inst/HLS_TREEADD_PERIPH_BUS_s_axi_U/ap_clk
    SLICE_X44Y77         FDRE                                         r  bd_0_i/hls_inst/inst/HLS_TREEADD_PERIPH_BUS_s_axi_U/int_task_ap_done_reg/C
                         clock pessimism              0.000     0.432    
    SLICE_X44Y77         FDRE (Hold_fdre_C_D)         0.092     0.524    bd_0_i/hls_inst/inst/HLS_TREEADD_PERIPH_BUS_s_axi_U/int_task_ap_done_reg
  -------------------------------------------------------------------
                         required time                         -0.524    
                         arrival time                           0.728    
  -------------------------------------------------------------------
                         slack                                  0.204    

Slack (MET) :             0.207ns  (arrival time - required time)
  Source:                 bd_0_i/hls_inst/inst/HLS_TREEADD_PERIPH_BUS_s_axi_U/int_auto_restart_reg/C
                            (rising edge-triggered cell FDRE clocked by ap_clk  {rise@0.000ns fall@5.000ns period=10.000ns})
  Destination:            bd_0_i/hls_inst/inst/HLS_TREEADD_PERIPH_BUS_s_axi_U/int_ap_ready_reg/D
                            (rising edge-triggered cell FDRE clocked by ap_clk  {rise@0.000ns fall@5.000ns period=10.000ns})
  Path Group:             ap_clk
  Path Type:              Hold (Min at Fast Process Corner)
  Requirement:            0.000ns  (ap_clk rise@0.000ns - ap_clk rise@0.000ns)
  Data Path Delay:        0.319ns  (logic 0.186ns (58.273%)  route 0.133ns (41.727%))
  Logic Levels:           1  (LUT4=1)
  Clock Path Skew:        0.022ns (DCD - SCD - CPR)
    Destination Clock Delay (DCD):    0.432ns
    Source Clock Delay      (SCD):    0.410ns
    Clock Pessimism Removal (CPR):    -0.000ns

    Location             Delay type                Incr(ns)  Path(ns)    Netlist Resource(s)
  -------------------------------------------------------------------    -------------------
                         (clock ap_clk rise edge)     0.000     0.000 r  
                                                      0.000     0.000 r  ap_clk (IN)
                         net (fo=442, unset)          0.410     0.410    bd_0_i/hls_inst/inst/HLS_TREEADD_PERIPH_BUS_s_axi_U/ap_clk
    SLICE_X44Y75         FDRE                                         r  bd_0_i/hls_inst/inst/HLS_TREEADD_PERIPH_BUS_s_axi_U/int_auto_restart_reg/C
  -------------------------------------------------------------------    -------------------
    SLICE_X44Y75         FDRE (Prop_fdre_C_Q)         0.141     0.551 f  bd_0_i/hls_inst/inst/HLS_TREEADD_PERIPH_BUS_s_axi_U/int_auto_restart_reg/Q
                         net (fo=5, routed)           0.133     0.684    bd_0_i/hls_inst/inst/HLS_TREEADD_PERIPH_BUS_s_axi_U/p_12_in[7]
    SLICE_X45Y75         LUT4 (Prop_lut4_I0_O)        0.045     0.729 r  bd_0_i/hls_inst/inst/HLS_TREEADD_PERIPH_BUS_s_axi_U/int_ap_ready_i_1/O
                         net (fo=1, routed)           0.000     0.729    bd_0_i/hls_inst/inst/HLS_TREEADD_PERIPH_BUS_s_axi_U/int_ap_ready_i_1_n_0
    SLICE_X45Y75         FDRE                                         r  bd_0_i/hls_inst/inst/HLS_TREEADD_PERIPH_BUS_s_axi_U/int_ap_ready_reg/D
  -------------------------------------------------------------------    -------------------

                         (clock ap_clk rise edge)     0.000     0.000 r  
                                                      0.000     0.000 r  ap_clk (IN)
                         net (fo=442, unset)          0.432     0.432    bd_0_i/hls_inst/inst/HLS_TREEADD_PERIPH_BUS_s_axi_U/ap_clk
    SLICE_X45Y75         FDRE                                         r  bd_0_i/hls_inst/inst/HLS_TREEADD_PERIPH_BUS_s_axi_U/int_ap_ready_reg/C
                         clock pessimism              0.000     0.432    
    SLICE_X45Y75         FDRE (Hold_fdre_C_D)         0.091     0.523    bd_0_i/hls_inst/inst/HLS_TREEADD_PERIPH_BUS_s_axi_U/int_ap_ready_reg
  -------------------------------------------------------------------
                         required time                         -0.523    
                         arrival time                           0.729    
  -------------------------------------------------------------------
                         slack                                  0.207    

Slack (MET) :             0.217ns  (arrival time - required time)
  Source:                 bd_0_i/hls_inst/inst/add_ln43_1_reg_178_reg[11]/C
                            (rising edge-triggered cell FDRE clocked by ap_clk  {rise@0.000ns fall@5.000ns period=10.000ns})
  Destination:            bd_0_i/hls_inst/inst/HLS_TREEADD_PERIPH_BUS_s_axi_U/int_r_reg[11]/D
                            (rising edge-triggered cell FDRE clocked by ap_clk  {rise@0.000ns fall@5.000ns period=10.000ns})
  Path Group:             ap_clk
  Path Type:              Hold (Min at Fast Process Corner)
  Requirement:            0.000ns  (ap_clk rise@0.000ns - ap_clk rise@0.000ns)
  Data Path Delay:        0.344ns  (logic 0.249ns (72.379%)  route 0.095ns (27.621%))
  Logic Levels:           2  (CARRY4=1 LUT4=1)
  Clock Path Skew:        0.022ns (DCD - SCD - CPR)
    Destination Clock Delay (DCD):    0.432ns
    Source Clock Delay      (SCD):    0.410ns
    Clock Pessimism Removal (CPR):    -0.000ns

    Location             Delay type                Incr(ns)  Path(ns)    Netlist Resource(s)
  -------------------------------------------------------------------    -------------------
                         (clock ap_clk rise edge)     0.000     0.000 r  
                                                      0.000     0.000 r  ap_clk (IN)
                         net (fo=442, unset)          0.410     0.410    bd_0_i/hls_inst/inst/ap_clk
    SLICE_X41Y73         FDRE                                         r  bd_0_i/hls_inst/inst/add_ln43_1_reg_178_reg[11]/C
  -------------------------------------------------------------------    -------------------
    SLICE_X41Y73         FDRE (Prop_fdre_C_Q)         0.141     0.551 r  bd_0_i/hls_inst/inst/add_ln43_1_reg_178_reg[11]/Q
                         net (fo=2, routed)           0.095     0.646    bd_0_i/hls_inst/inst/HLS_TREEADD_PERIPH_BUS_s_axi_U/int_r_reg[31]_0[11]
    SLICE_X40Y73         LUT4 (Prop_lut4_I1_O)        0.045     0.691 r  bd_0_i/hls_inst/inst/HLS_TREEADD_PERIPH_BUS_s_axi_U/int_r[11]_i_6/O
                         net (fo=1, routed)           0.000     0.691    bd_0_i/hls_inst/inst/HLS_TREEADD_PERIPH_BUS_s_axi_U/int_r[11]_i_6_n_0
    SLICE_X40Y73         CARRY4 (Prop_carry4_S[3]_O[3])
                                                      0.063     0.754 r  bd_0_i/hls_inst/inst/HLS_TREEADD_PERIPH_BUS_s_axi_U/int_r_reg[11]_i_1/O[3]
                         net (fo=1, routed)           0.000     0.754    bd_0_i/hls_inst/inst/HLS_TREEADD_PERIPH_BUS_s_axi_U/r[11]
    SLICE_X40Y73         FDRE                                         r  bd_0_i/hls_inst/inst/HLS_TREEADD_PERIPH_BUS_s_axi_U/int_r_reg[11]/D
  -------------------------------------------------------------------    -------------------

                         (clock ap_clk rise edge)     0.000     0.000 r  
                                                      0.000     0.000 r  ap_clk (IN)
                         net (fo=442, unset)          0.432     0.432    bd_0_i/hls_inst/inst/HLS_TREEADD_PERIPH_BUS_s_axi_U/ap_clk
    SLICE_X40Y73         FDRE                                         r  bd_0_i/hls_inst/inst/HLS_TREEADD_PERIPH_BUS_s_axi_U/int_r_reg[11]/C
                         clock pessimism              0.000     0.432    
    SLICE_X40Y73         FDRE (Hold_fdre_C_D)         0.105     0.537    bd_0_i/hls_inst/inst/HLS_TREEADD_PERIPH_BUS_s_axi_U/int_r_reg[11]
  -------------------------------------------------------------------
                         required time                         -0.537    
                         arrival time                           0.754    
  -------------------------------------------------------------------
                         slack                                  0.217    

Slack (MET) :             0.217ns  (arrival time - required time)
  Source:                 bd_0_i/hls_inst/inst/add_ln43_1_reg_178_reg[15]/C
                            (rising edge-triggered cell FDRE clocked by ap_clk  {rise@0.000ns fall@5.000ns period=10.000ns})
  Destination:            bd_0_i/hls_inst/inst/HLS_TREEADD_PERIPH_BUS_s_axi_U/int_r_reg[15]/D
                            (rising edge-triggered cell FDRE clocked by ap_clk  {rise@0.000ns fall@5.000ns period=10.000ns})
  Path Group:             ap_clk
  Path Type:              Hold (Min at Fast Process Corner)
  Requirement:            0.000ns  (ap_clk rise@0.000ns - ap_clk rise@0.000ns)
  Data Path Delay:        0.344ns  (logic 0.249ns (72.379%)  route 0.095ns (27.621%))
  Logic Levels:           2  (CARRY4=1 LUT4=1)
  Clock Path Skew:        0.022ns (DCD - SCD - CPR)
    Destination Clock Delay (DCD):    0.432ns
    Source Clock Delay      (SCD):    0.410ns
    Clock Pessimism Removal (CPR):    -0.000ns

    Location             Delay type                Incr(ns)  Path(ns)    Netlist Resource(s)
  -------------------------------------------------------------------    -------------------
                         (clock ap_clk rise edge)     0.000     0.000 r  
                                                      0.000     0.000 r  ap_clk (IN)
                         net (fo=442, unset)          0.410     0.410    bd_0_i/hls_inst/inst/ap_clk
    SLICE_X41Y74         FDRE                                         r  bd_0_i/hls_inst/inst/add_ln43_1_reg_178_reg[15]/C
  -------------------------------------------------------------------    -------------------
    SLICE_X41Y74         FDRE (Prop_fdre_C_Q)         0.141     0.551 r  bd_0_i/hls_inst/inst/add_ln43_1_reg_178_reg[15]/Q
                         net (fo=2, routed)           0.095     0.646    bd_0_i/hls_inst/inst/HLS_TREEADD_PERIPH_BUS_s_axi_U/int_r_reg[31]_0[15]
    SLICE_X40Y74         LUT4 (Prop_lut4_I1_O)        0.045     0.691 r  bd_0_i/hls_inst/inst/HLS_TREEADD_PERIPH_BUS_s_axi_U/int_r[15]_i_6/O
                         net (fo=1, routed)           0.000     0.691    bd_0_i/hls_inst/inst/HLS_TREEADD_PERIPH_BUS_s_axi_U/int_r[15]_i_6_n_0
    SLICE_X40Y74         CARRY4 (Prop_carry4_S[3]_O[3])
                                                      0.063     0.754 r  bd_0_i/hls_inst/inst/HLS_TREEADD_PERIPH_BUS_s_axi_U/int_r_reg[15]_i_1/O[3]
                         net (fo=1, routed)           0.000     0.754    bd_0_i/hls_inst/inst/HLS_TREEADD_PERIPH_BUS_s_axi_U/r[15]
    SLICE_X40Y74         FDRE                                         r  bd_0_i/hls_inst/inst/HLS_TREEADD_PERIPH_BUS_s_axi_U/int_r_reg[15]/D
  -------------------------------------------------------------------    -------------------

                         (clock ap_clk rise edge)     0.000     0.000 r  
                                                      0.000     0.000 r  ap_clk (IN)
                         net (fo=442, unset)          0.432     0.432    bd_0_i/hls_inst/inst/HLS_TREEADD_PERIPH_BUS_s_axi_U/ap_clk
    SLICE_X40Y74         FDRE                                         r  bd_0_i/hls_inst/inst/HLS_TREEADD_PERIPH_BUS_s_axi_U/int_r_reg[15]/C
                         clock pessimism              0.000     0.432    
    SLICE_X40Y74         FDRE (Hold_fdre_C_D)         0.105     0.537    bd_0_i/hls_inst/inst/HLS_TREEADD_PERIPH_BUS_s_axi_U/int_r_reg[15]
  -------------------------------------------------------------------
                         required time                         -0.537    
                         arrival time                           0.754    
  -------------------------------------------------------------------
                         slack                                  0.217    

Slack (MET) :             0.217ns  (arrival time - required time)
  Source:                 bd_0_i/hls_inst/inst/add_ln43_1_reg_178_reg[19]/C
                            (rising edge-triggered cell FDRE clocked by ap_clk  {rise@0.000ns fall@5.000ns period=10.000ns})
  Destination:            bd_0_i/hls_inst/inst/HLS_TREEADD_PERIPH_BUS_s_axi_U/int_r_reg[19]/D
                            (rising edge-triggered cell FDRE clocked by ap_clk  {rise@0.000ns fall@5.000ns period=10.000ns})
  Path Group:             ap_clk
  Path Type:              Hold (Min at Fast Process Corner)
  Requirement:            0.000ns  (ap_clk rise@0.000ns - ap_clk rise@0.000ns)
  Data Path Delay:        0.344ns  (logic 0.249ns (72.379%)  route 0.095ns (27.621%))
  Logic Levels:           2  (CARRY4=1 LUT4=1)
  Clock Path Skew:        0.022ns (DCD - SCD - CPR)
    Destination Clock Delay (DCD):    0.432ns
    Source Clock Delay      (SCD):    0.410ns
    Clock Pessimism Removal (CPR):    -0.000ns

    Location             Delay type                Incr(ns)  Path(ns)    Netlist Resource(s)
  -------------------------------------------------------------------    -------------------
                         (clock ap_clk rise edge)     0.000     0.000 r  
                                                      0.000     0.000 r  ap_clk (IN)
                         net (fo=442, unset)          0.410     0.410    bd_0_i/hls_inst/inst/ap_clk
    SLICE_X41Y75         FDRE                                         r  bd_0_i/hls_inst/inst/add_ln43_1_reg_178_reg[19]/C
  -------------------------------------------------------------------    -------------------
    SLICE_X41Y75         FDRE (Prop_fdre_C_Q)         0.141     0.551 r  bd_0_i/hls_inst/inst/add_ln43_1_reg_178_reg[19]/Q
                         net (fo=2, routed)           0.095     0.646    bd_0_i/hls_inst/inst/HLS_TREEADD_PERIPH_BUS_s_axi_U/int_r_reg[31]_0[19]
    SLICE_X40Y75         LUT4 (Prop_lut4_I1_O)        0.045     0.691 r  bd_0_i/hls_inst/inst/HLS_TREEADD_PERIPH_BUS_s_axi_U/int_r[19]_i_6/O
                         net (fo=1, routed)           0.000     0.691    bd_0_i/hls_inst/inst/HLS_TREEADD_PERIPH_BUS_s_axi_U/int_r[19]_i_6_n_0
    SLICE_X40Y75         CARRY4 (Prop_carry4_S[3]_O[3])
                                                      0.063     0.754 r  bd_0_i/hls_inst/inst/HLS_TREEADD_PERIPH_BUS_s_axi_U/int_r_reg[19]_i_1/O[3]
                         net (fo=1, routed)           0.000     0.754    bd_0_i/hls_inst/inst/HLS_TREEADD_PERIPH_BUS_s_axi_U/r[19]
    SLICE_X40Y75         FDRE                                         r  bd_0_i/hls_inst/inst/HLS_TREEADD_PERIPH_BUS_s_axi_U/int_r_reg[19]/D
  -------------------------------------------------------------------    -------------------

                         (clock ap_clk rise edge)     0.000     0.000 r  
                                                      0.000     0.000 r  ap_clk (IN)
                         net (fo=442, unset)          0.432     0.432    bd_0_i/hls_inst/inst/HLS_TREEADD_PERIPH_BUS_s_axi_U/ap_clk
    SLICE_X40Y75         FDRE                                         r  bd_0_i/hls_inst/inst/HLS_TREEADD_PERIPH_BUS_s_axi_U/int_r_reg[19]/C
                         clock pessimism              0.000     0.432    
    SLICE_X40Y75         FDRE (Hold_fdre_C_D)         0.105     0.537    bd_0_i/hls_inst/inst/HLS_TREEADD_PERIPH_BUS_s_axi_U/int_r_reg[19]
  -------------------------------------------------------------------
                         required time                         -0.537    
                         arrival time                           0.754    
  -------------------------------------------------------------------
                         slack                                  0.217    

Slack (MET) :             0.217ns  (arrival time - required time)
  Source:                 bd_0_i/hls_inst/inst/add_ln43_1_reg_178_reg[23]/C
                            (rising edge-triggered cell FDRE clocked by ap_clk  {rise@0.000ns fall@5.000ns period=10.000ns})
  Destination:            bd_0_i/hls_inst/inst/HLS_TREEADD_PERIPH_BUS_s_axi_U/int_r_reg[23]/D
                            (rising edge-triggered cell FDRE clocked by ap_clk  {rise@0.000ns fall@5.000ns period=10.000ns})
  Path Group:             ap_clk
  Path Type:              Hold (Min at Fast Process Corner)
  Requirement:            0.000ns  (ap_clk rise@0.000ns - ap_clk rise@0.000ns)
  Data Path Delay:        0.344ns  (logic 0.249ns (72.379%)  route 0.095ns (27.621%))
  Logic Levels:           2  (CARRY4=1 LUT4=1)
  Clock Path Skew:        0.022ns (DCD - SCD - CPR)
    Destination Clock Delay (DCD):    0.432ns
    Source Clock Delay      (SCD):    0.410ns
    Clock Pessimism Removal (CPR):    -0.000ns

    Location             Delay type                Incr(ns)  Path(ns)    Netlist Resource(s)
  -------------------------------------------------------------------    -------------------
                         (clock ap_clk rise edge)     0.000     0.000 r  
                                                      0.000     0.000 r  ap_clk (IN)
                         net (fo=442, unset)          0.410     0.410    bd_0_i/hls_inst/inst/ap_clk
    SLICE_X41Y76         FDRE                                         r  bd_0_i/hls_inst/inst/add_ln43_1_reg_178_reg[23]/C
  -------------------------------------------------------------------    -------------------
    SLICE_X41Y76         FDRE (Prop_fdre_C_Q)         0.141     0.551 r  bd_0_i/hls_inst/inst/add_ln43_1_reg_178_reg[23]/Q
                         net (fo=2, routed)           0.095     0.646    bd_0_i/hls_inst/inst/HLS_TREEADD_PERIPH_BUS_s_axi_U/int_r_reg[31]_0[23]
    SLICE_X40Y76         LUT4 (Prop_lut4_I1_O)        0.045     0.691 r  bd_0_i/hls_inst/inst/HLS_TREEADD_PERIPH_BUS_s_axi_U/int_r[23]_i_6/O
                         net (fo=1, routed)           0.000     0.691    bd_0_i/hls_inst/inst/HLS_TREEADD_PERIPH_BUS_s_axi_U/int_r[23]_i_6_n_0
    SLICE_X40Y76         CARRY4 (Prop_carry4_S[3]_O[3])
                                                      0.063     0.754 r  bd_0_i/hls_inst/inst/HLS_TREEADD_PERIPH_BUS_s_axi_U/int_r_reg[23]_i_1/O[3]
                         net (fo=1, routed)           0.000     0.754    bd_0_i/hls_inst/inst/HLS_TREEADD_PERIPH_BUS_s_axi_U/r[23]
    SLICE_X40Y76         FDRE                                         r  bd_0_i/hls_inst/inst/HLS_TREEADD_PERIPH_BUS_s_axi_U/int_r_reg[23]/D
  -------------------------------------------------------------------    -------------------

                         (clock ap_clk rise edge)     0.000     0.000 r  
                                                      0.000     0.000 r  ap_clk (IN)
                         net (fo=442, unset)          0.432     0.432    bd_0_i/hls_inst/inst/HLS_TREEADD_PERIPH_BUS_s_axi_U/ap_clk
    SLICE_X40Y76         FDRE                                         r  bd_0_i/hls_inst/inst/HLS_TREEADD_PERIPH_BUS_s_axi_U/int_r_reg[23]/C
                         clock pessimism              0.000     0.432    
    SLICE_X40Y76         FDRE (Hold_fdre_C_D)         0.105     0.537    bd_0_i/hls_inst/inst/HLS_TREEADD_PERIPH_BUS_s_axi_U/int_r_reg[23]
  -------------------------------------------------------------------
                         required time                         -0.537    
                         arrival time                           0.754    
  -------------------------------------------------------------------
                         slack                                  0.217    

Slack (MET) :             0.217ns  (arrival time - required time)
  Source:                 bd_0_i/hls_inst/inst/add_ln43_1_reg_178_reg[27]/C
                            (rising edge-triggered cell FDRE clocked by ap_clk  {rise@0.000ns fall@5.000ns period=10.000ns})
  Destination:            bd_0_i/hls_inst/inst/HLS_TREEADD_PERIPH_BUS_s_axi_U/int_r_reg[27]/D
                            (rising edge-triggered cell FDRE clocked by ap_clk  {rise@0.000ns fall@5.000ns period=10.000ns})
  Path Group:             ap_clk
  Path Type:              Hold (Min at Fast Process Corner)
  Requirement:            0.000ns  (ap_clk rise@0.000ns - ap_clk rise@0.000ns)
  Data Path Delay:        0.344ns  (logic 0.249ns (72.379%)  route 0.095ns (27.621%))
  Logic Levels:           2  (CARRY4=1 LUT4=1)
  Clock Path Skew:        0.022ns (DCD - SCD - CPR)
    Destination Clock Delay (DCD):    0.432ns
    Source Clock Delay      (SCD):    0.410ns
    Clock Pessimism Removal (CPR):    -0.000ns

    Location             Delay type                Incr(ns)  Path(ns)    Netlist Resource(s)
  -------------------------------------------------------------------    -------------------
                         (clock ap_clk rise edge)     0.000     0.000 r  
                                                      0.000     0.000 r  ap_clk (IN)
                         net (fo=442, unset)          0.410     0.410    bd_0_i/hls_inst/inst/ap_clk
    SLICE_X41Y77         FDRE                                         r  bd_0_i/hls_inst/inst/add_ln43_1_reg_178_reg[27]/C
  -------------------------------------------------------------------    -------------------
    SLICE_X41Y77         FDRE (Prop_fdre_C_Q)         0.141     0.551 r  bd_0_i/hls_inst/inst/add_ln43_1_reg_178_reg[27]/Q
                         net (fo=2, routed)           0.095     0.646    bd_0_i/hls_inst/inst/HLS_TREEADD_PERIPH_BUS_s_axi_U/int_r_reg[31]_0[27]
    SLICE_X40Y77         LUT4 (Prop_lut4_I1_O)        0.045     0.691 r  bd_0_i/hls_inst/inst/HLS_TREEADD_PERIPH_BUS_s_axi_U/int_r[27]_i_6/O
                         net (fo=1, routed)           0.000     0.691    bd_0_i/hls_inst/inst/HLS_TREEADD_PERIPH_BUS_s_axi_U/int_r[27]_i_6_n_0
    SLICE_X40Y77         CARRY4 (Prop_carry4_S[3]_O[3])
                                                      0.063     0.754 r  bd_0_i/hls_inst/inst/HLS_TREEADD_PERIPH_BUS_s_axi_U/int_r_reg[27]_i_1/O[3]
                         net (fo=1, routed)           0.000     0.754    bd_0_i/hls_inst/inst/HLS_TREEADD_PERIPH_BUS_s_axi_U/r[27]
    SLICE_X40Y77         FDRE                                         r  bd_0_i/hls_inst/inst/HLS_TREEADD_PERIPH_BUS_s_axi_U/int_r_reg[27]/D
  -------------------------------------------------------------------    -------------------

                         (clock ap_clk rise edge)     0.000     0.000 r  
                                                      0.000     0.000 r  ap_clk (IN)
                         net (fo=442, unset)          0.432     0.432    bd_0_i/hls_inst/inst/HLS_TREEADD_PERIPH_BUS_s_axi_U/ap_clk
    SLICE_X40Y77         FDRE                                         r  bd_0_i/hls_inst/inst/HLS_TREEADD_PERIPH_BUS_s_axi_U/int_r_reg[27]/C
                         clock pessimism              0.000     0.432    
    SLICE_X40Y77         FDRE (Hold_fdre_C_D)         0.105     0.537    bd_0_i/hls_inst/inst/HLS_TREEADD_PERIPH_BUS_s_axi_U/int_r_reg[27]
  -------------------------------------------------------------------
                         required time                         -0.537    
                         arrival time                           0.754    
  -------------------------------------------------------------------
                         slack                                  0.217    

Slack (MET) :             0.217ns  (arrival time - required time)
  Source:                 bd_0_i/hls_inst/inst/add_ln43_1_reg_178_reg[31]/C
                            (rising edge-triggered cell FDRE clocked by ap_clk  {rise@0.000ns fall@5.000ns period=10.000ns})
  Destination:            bd_0_i/hls_inst/inst/HLS_TREEADD_PERIPH_BUS_s_axi_U/int_r_reg[31]/D
                            (rising edge-triggered cell FDRE clocked by ap_clk  {rise@0.000ns fall@5.000ns period=10.000ns})
  Path Group:             ap_clk
  Path Type:              Hold (Min at Fast Process Corner)
  Requirement:            0.000ns  (ap_clk rise@0.000ns - ap_clk rise@0.000ns)
  Data Path Delay:        0.344ns  (logic 0.249ns (72.379%)  route 0.095ns (27.621%))
  Logic Levels:           2  (CARRY4=1 LUT6=1)
  Clock Path Skew:        0.022ns (DCD - SCD - CPR)
    Destination Clock Delay (DCD):    0.432ns
    Source Clock Delay      (SCD):    0.410ns
    Clock Pessimism Removal (CPR):    -0.000ns

    Location             Delay type                Incr(ns)  Path(ns)    Netlist Resource(s)
  -------------------------------------------------------------------    -------------------
                         (clock ap_clk rise edge)     0.000     0.000 r  
                                                      0.000     0.000 r  ap_clk (IN)
                         net (fo=442, unset)          0.410     0.410    bd_0_i/hls_inst/inst/ap_clk
    SLICE_X41Y78         FDRE                                         r  bd_0_i/hls_inst/inst/add_ln43_1_reg_178_reg[31]/C
  -------------------------------------------------------------------    -------------------
    SLICE_X41Y78         FDRE (Prop_fdre_C_Q)         0.141     0.551 r  bd_0_i/hls_inst/inst/add_ln43_1_reg_178_reg[31]/Q
                         net (fo=1, routed)           0.095     0.646    bd_0_i/hls_inst/inst/HLS_TREEADD_PERIPH_BUS_s_axi_U/int_r_reg[31]_0[31]
    SLICE_X40Y78         LUT6 (Prop_lut6_I3_O)        0.045     0.691 r  bd_0_i/hls_inst/inst/HLS_TREEADD_PERIPH_BUS_s_axi_U/int_r[31]_i_5/O
                         net (fo=1, routed)           0.000     0.691    bd_0_i/hls_inst/inst/HLS_TREEADD_PERIPH_BUS_s_axi_U/int_r[31]_i_5_n_0
    SLICE_X40Y78         CARRY4 (Prop_carry4_S[3]_O[3])
                                                      0.063     0.754 r  bd_0_i/hls_inst/inst/HLS_TREEADD_PERIPH_BUS_s_axi_U/int_r_reg[31]_i_1/O[3]
                         net (fo=1, routed)           0.000     0.754    bd_0_i/hls_inst/inst/HLS_TREEADD_PERIPH_BUS_s_axi_U/r[31]
    SLICE_X40Y78         FDRE                                         r  bd_0_i/hls_inst/inst/HLS_TREEADD_PERIPH_BUS_s_axi_U/int_r_reg[31]/D
  -------------------------------------------------------------------    -------------------

                         (clock ap_clk rise edge)     0.000     0.000 r  
                                                      0.000     0.000 r  ap_clk (IN)
                         net (fo=442, unset)          0.432     0.432    bd_0_i/hls_inst/inst/HLS_TREEADD_PERIPH_BUS_s_axi_U/ap_clk
    SLICE_X40Y78         FDRE                                         r  bd_0_i/hls_inst/inst/HLS_TREEADD_PERIPH_BUS_s_axi_U/int_r_reg[31]/C
                         clock pessimism              0.000     0.432    
    SLICE_X40Y78         FDRE (Hold_fdre_C_D)         0.105     0.537    bd_0_i/hls_inst/inst/HLS_TREEADD_PERIPH_BUS_s_axi_U/int_r_reg[31]
  -------------------------------------------------------------------
                         required time                         -0.537    
                         arrival time                           0.754    
  -------------------------------------------------------------------
                         slack                                  0.217    





Pulse Width Checks
--------------------------------------------------------------------------------------
Clock Name:         ap_clk
Waveform(ns):       { 0.000 5.000 }
Period(ns):         10.000
Sources:            { ap_clk }

Check Type        Corner  Lib Pin  Reference Pin  Required(ns)  Actual(ns)  Slack(ns)  Location      Pin
Min Period        n/a     FDRE/C   n/a            1.000         10.000      9.000      SLICE_X41Y71  bd_0_i/hls_inst/inst/add_ln43_1_reg_178_reg[0]/C
Min Period        n/a     FDRE/C   n/a            1.000         10.000      9.000      SLICE_X41Y73  bd_0_i/hls_inst/inst/add_ln43_1_reg_178_reg[10]/C
Min Period        n/a     FDRE/C   n/a            1.000         10.000      9.000      SLICE_X41Y73  bd_0_i/hls_inst/inst/add_ln43_1_reg_178_reg[11]/C
Min Period        n/a     FDRE/C   n/a            1.000         10.000      9.000      SLICE_X41Y74  bd_0_i/hls_inst/inst/add_ln43_1_reg_178_reg[12]/C
Min Period        n/a     FDRE/C   n/a            1.000         10.000      9.000      SLICE_X41Y74  bd_0_i/hls_inst/inst/add_ln43_1_reg_178_reg[13]/C
Min Period        n/a     FDRE/C   n/a            1.000         10.000      9.000      SLICE_X41Y74  bd_0_i/hls_inst/inst/add_ln43_1_reg_178_reg[14]/C
Min Period        n/a     FDRE/C   n/a            1.000         10.000      9.000      SLICE_X41Y74  bd_0_i/hls_inst/inst/add_ln43_1_reg_178_reg[15]/C
Min Period        n/a     FDRE/C   n/a            1.000         10.000      9.000      SLICE_X41Y75  bd_0_i/hls_inst/inst/add_ln43_1_reg_178_reg[16]/C
Min Period        n/a     FDRE/C   n/a            1.000         10.000      9.000      SLICE_X41Y75  bd_0_i/hls_inst/inst/add_ln43_1_reg_178_reg[17]/C
Min Period        n/a     FDRE/C   n/a            1.000         10.000      9.000      SLICE_X41Y75  bd_0_i/hls_inst/inst/add_ln43_1_reg_178_reg[18]/C
Low Pulse Width   Slow    FDRE/C   n/a            0.500         5.000       4.500      SLICE_X41Y71  bd_0_i/hls_inst/inst/add_ln43_1_reg_178_reg[0]/C
Low Pulse Width   Fast    FDRE/C   n/a            0.500         5.000       4.500      SLICE_X41Y71  bd_0_i/hls_inst/inst/add_ln43_1_reg_178_reg[0]/C
Low Pulse Width   Slow    FDRE/C   n/a            0.500         5.000       4.500      SLICE_X41Y73  bd_0_i/hls_inst/inst/add_ln43_1_reg_178_reg[10]/C
Low Pulse Width   Fast    FDRE/C   n/a            0.500         5.000       4.500      SLICE_X41Y73  bd_0_i/hls_inst/inst/add_ln43_1_reg_178_reg[10]/C
Low Pulse Width   Slow    FDRE/C   n/a            0.500         5.000       4.500      SLICE_X41Y73  bd_0_i/hls_inst/inst/add_ln43_1_reg_178_reg[11]/C
Low Pulse Width   Fast    FDRE/C   n/a            0.500         5.000       4.500      SLICE_X41Y73  bd_0_i/hls_inst/inst/add_ln43_1_reg_178_reg[11]/C
Low Pulse Width   Slow    FDRE/C   n/a            0.500         5.000       4.500      SLICE_X41Y74  bd_0_i/hls_inst/inst/add_ln43_1_reg_178_reg[12]/C
Low Pulse Width   Fast    FDRE/C   n/a            0.500         5.000       4.500      SLICE_X41Y74  bd_0_i/hls_inst/inst/add_ln43_1_reg_178_reg[12]/C
Low Pulse Width   Slow    FDRE/C   n/a            0.500         5.000       4.500      SLICE_X41Y74  bd_0_i/hls_inst/inst/add_ln43_1_reg_178_reg[13]/C
Low Pulse Width   Fast    FDRE/C   n/a            0.500         5.000       4.500      SLICE_X41Y74  bd_0_i/hls_inst/inst/add_ln43_1_reg_178_reg[13]/C
High Pulse Width  Slow    FDRE/C   n/a            0.500         5.000       4.500      SLICE_X41Y71  bd_0_i/hls_inst/inst/add_ln43_1_reg_178_reg[0]/C
High Pulse Width  Fast    FDRE/C   n/a            0.500         5.000       4.500      SLICE_X41Y71  bd_0_i/hls_inst/inst/add_ln43_1_reg_178_reg[0]/C
High Pulse Width  Slow    FDRE/C   n/a            0.500         5.000       4.500      SLICE_X41Y73  bd_0_i/hls_inst/inst/add_ln43_1_reg_178_reg[10]/C
High Pulse Width  Fast    FDRE/C   n/a            0.500         5.000       4.500      SLICE_X41Y73  bd_0_i/hls_inst/inst/add_ln43_1_reg_178_reg[10]/C
High Pulse Width  Slow    FDRE/C   n/a            0.500         5.000       4.500      SLICE_X41Y73  bd_0_i/hls_inst/inst/add_ln43_1_reg_178_reg[11]/C
High Pulse Width  Fast    FDRE/C   n/a            0.500         5.000       4.500      SLICE_X41Y73  bd_0_i/hls_inst/inst/add_ln43_1_reg_178_reg[11]/C
High Pulse Width  Slow    FDRE/C   n/a            0.500         5.000       4.500      SLICE_X41Y74  bd_0_i/hls_inst/inst/add_ln43_1_reg_178_reg[12]/C
High Pulse Width  Fast    FDRE/C   n/a            0.500         5.000       4.500      SLICE_X41Y74  bd_0_i/hls_inst/inst/add_ln43_1_reg_178_reg[12]/C
High Pulse Width  Slow    FDRE/C   n/a            0.500         5.000       4.500      SLICE_X41Y74  bd_0_i/hls_inst/inst/add_ln43_1_reg_178_reg[13]/C
High Pulse Width  Fast    FDRE/C   n/a            0.500         5.000       4.500      SLICE_X41Y74  bd_0_i/hls_inst/inst/add_ln43_1_reg_178_reg[13]/C



--------------------------------------------------------------------------------------
Path Group:  (none)
From Clock:  ap_clk
  To Clock:  

Max Delay            38 Endpoints
Min Delay            38 Endpoints
--------------------------------------------------------------------------------------


Max Delay Paths
--------------------------------------------------------------------------------------
Slack:                    inf
  Source:                 bd_0_i/hls_inst/inst/HLS_TREEADD_PERIPH_BUS_s_axi_U/rdata_reg[0]/C
                            (rising edge-triggered cell FDRE clocked by ap_clk  {rise@0.000ns fall@5.000ns period=10.000ns})
  Destination:            s_axi_HLS_TREEADD_PERIPH_BUS_rdata[0]
                            (output port)
  Path Group:             (none)
  Path Type:              Max at Slow Process Corner
  Data Path Delay:        1.491ns  (logic 0.518ns (34.742%)  route 0.973ns (65.258%))
  Logic Levels:           0  
  Clock Uncertainty:      0.025ns  ((TSJ^2 + TIJ^2)^1/2 + DJ) / 2 + PE
    Total System Jitter     (TSJ):    0.050ns
    Total Input Jitter      (TIJ):    0.000ns
    Discrete Jitter          (DJ):    0.000ns
    Phase Error              (PE):    0.000ns

    Location             Delay type                Incr(ns)  Path(ns)    Netlist Resource(s)
  -------------------------------------------------------------------    -------------------
                         (clock ap_clk rise edge)     0.000     0.000 r  
                                                      0.000     0.000 r  ap_clk (IN)
                         net (fo=442, unset)          0.973     0.973    bd_0_i/hls_inst/inst/HLS_TREEADD_PERIPH_BUS_s_axi_U/ap_clk
    SLICE_X46Y77         FDRE                                         r  bd_0_i/hls_inst/inst/HLS_TREEADD_PERIPH_BUS_s_axi_U/rdata_reg[0]/C
  -------------------------------------------------------------------    -------------------
    SLICE_X46Y77         FDRE (Prop_fdre_C_Q)         0.518     1.491 r  bd_0_i/hls_inst/inst/HLS_TREEADD_PERIPH_BUS_s_axi_U/rdata_reg[0]/Q
                         net (fo=1, unset)            0.973     2.464    s_axi_HLS_TREEADD_PERIPH_BUS_rdata[0]
                                                                      r  s_axi_HLS_TREEADD_PERIPH_BUS_rdata[0] (OUT)
  -------------------------------------------------------------------    -------------------

Slack:                    inf
  Source:                 bd_0_i/hls_inst/inst/HLS_TREEADD_PERIPH_BUS_s_axi_U/rdata_reg[10]/C
                            (rising edge-triggered cell FDRE clocked by ap_clk  {rise@0.000ns fall@5.000ns period=10.000ns})
  Destination:            s_axi_HLS_TREEADD_PERIPH_BUS_rdata[10]
                            (output port)
  Path Group:             (none)
  Path Type:              Max at Slow Process Corner
  Data Path Delay:        1.491ns  (logic 0.518ns (34.742%)  route 0.973ns (65.258%))
  Logic Levels:           0  
  Clock Uncertainty:      0.025ns  ((TSJ^2 + TIJ^2)^1/2 + DJ) / 2 + PE
    Total System Jitter     (TSJ):    0.050ns
    Total Input Jitter      (TIJ):    0.000ns
    Discrete Jitter          (DJ):    0.000ns
    Phase Error              (PE):    0.000ns

    Location             Delay type                Incr(ns)  Path(ns)    Netlist Resource(s)
  -------------------------------------------------------------------    -------------------
                         (clock ap_clk rise edge)     0.000     0.000 r  
                                                      0.000     0.000 r  ap_clk (IN)
                         net (fo=442, unset)          0.973     0.973    bd_0_i/hls_inst/inst/HLS_TREEADD_PERIPH_BUS_s_axi_U/ap_clk
    SLICE_X38Y69         FDRE                                         r  bd_0_i/hls_inst/inst/HLS_TREEADD_PERIPH_BUS_s_axi_U/rdata_reg[10]/C
  -------------------------------------------------------------------    -------------------
    SLICE_X38Y69         FDRE (Prop_fdre_C_Q)         0.518     1.491 r  bd_0_i/hls_inst/inst/HLS_TREEADD_PERIPH_BUS_s_axi_U/rdata_reg[10]/Q
                         net (fo=0)                   0.973     2.464    s_axi_HLS_TREEADD_PERIPH_BUS_rdata[10]
                                                                      r  s_axi_HLS_TREEADD_PERIPH_BUS_rdata[10] (OUT)
  -------------------------------------------------------------------    -------------------

Slack:                    inf
  Source:                 bd_0_i/hls_inst/inst/HLS_TREEADD_PERIPH_BUS_s_axi_U/rdata_reg[15]/C
                            (rising edge-triggered cell FDRE clocked by ap_clk  {rise@0.000ns fall@5.000ns period=10.000ns})
  Destination:            s_axi_HLS_TREEADD_PERIPH_BUS_rdata[15]
                            (output port)
  Path Group:             (none)
  Path Type:              Max at Slow Process Corner
  Data Path Delay:        1.491ns  (logic 0.518ns (34.742%)  route 0.973ns (65.258%))
  Logic Levels:           0  
  Clock Uncertainty:      0.025ns  ((TSJ^2 + TIJ^2)^1/2 + DJ) / 2 + PE
    Total System Jitter     (TSJ):    0.050ns
    Total Input Jitter      (TIJ):    0.000ns
    Discrete Jitter          (DJ):    0.000ns
    Phase Error              (PE):    0.000ns

    Location             Delay type                Incr(ns)  Path(ns)    Netlist Resource(s)
  -------------------------------------------------------------------    -------------------
                         (clock ap_clk rise edge)     0.000     0.000 r  
                                                      0.000     0.000 r  ap_clk (IN)
                         net (fo=442, unset)          0.973     0.973    bd_0_i/hls_inst/inst/HLS_TREEADD_PERIPH_BUS_s_axi_U/ap_clk
    SLICE_X38Y73         FDRE                                         r  bd_0_i/hls_inst/inst/HLS_TREEADD_PERIPH_BUS_s_axi_U/rdata_reg[15]/C
  -------------------------------------------------------------------    -------------------
    SLICE_X38Y73         FDRE (Prop_fdre_C_Q)         0.518     1.491 r  bd_0_i/hls_inst/inst/HLS_TREEADD_PERIPH_BUS_s_axi_U/rdata_reg[15]/Q
                         net (fo=0)                   0.973     2.464    s_axi_HLS_TREEADD_PERIPH_BUS_rdata[15]
                                                                      r  s_axi_HLS_TREEADD_PERIPH_BUS_rdata[15] (OUT)
  -------------------------------------------------------------------    -------------------

Slack:                    inf
  Source:                 bd_0_i/hls_inst/inst/HLS_TREEADD_PERIPH_BUS_s_axi_U/rdata_reg[16]/C
                            (rising edge-triggered cell FDRE clocked by ap_clk  {rise@0.000ns fall@5.000ns period=10.000ns})
  Destination:            s_axi_HLS_TREEADD_PERIPH_BUS_rdata[16]
                            (output port)
  Path Group:             (none)
  Path Type:              Max at Slow Process Corner
  Data Path Delay:        1.491ns  (logic 0.518ns (34.742%)  route 0.973ns (65.258%))
  Logic Levels:           0  
  Clock Uncertainty:      0.025ns  ((TSJ^2 + TIJ^2)^1/2 + DJ) / 2 + PE
    Total System Jitter     (TSJ):    0.050ns
    Total Input Jitter      (TIJ):    0.000ns
    Discrete Jitter          (DJ):    0.000ns
    Phase Error              (PE):    0.000ns

    Location             Delay type                Incr(ns)  Path(ns)    Netlist Resource(s)
  -------------------------------------------------------------------    -------------------
                         (clock ap_clk rise edge)     0.000     0.000 r  
                                                      0.000     0.000 r  ap_clk (IN)
                         net (fo=442, unset)          0.973     0.973    bd_0_i/hls_inst/inst/HLS_TREEADD_PERIPH_BUS_s_axi_U/ap_clk
    SLICE_X42Y75         FDRE                                         r  bd_0_i/hls_inst/inst/HLS_TREEADD_PERIPH_BUS_s_axi_U/rdata_reg[16]/C
  -------------------------------------------------------------------    -------------------
    SLICE_X42Y75         FDRE (Prop_fdre_C_Q)         0.518     1.491 r  bd_0_i/hls_inst/inst/HLS_TREEADD_PERIPH_BUS_s_axi_U/rdata_reg[16]/Q
                         net (fo=0)                   0.973     2.464    s_axi_HLS_TREEADD_PERIPH_BUS_rdata[16]
                                                                      r  s_axi_HLS_TREEADD_PERIPH_BUS_rdata[16] (OUT)
  -------------------------------------------------------------------    -------------------

Slack:                    inf
  Source:                 bd_0_i/hls_inst/inst/HLS_TREEADD_PERIPH_BUS_s_axi_U/rdata_reg[17]/C
                            (rising edge-triggered cell FDRE clocked by ap_clk  {rise@0.000ns fall@5.000ns period=10.000ns})
  Destination:            s_axi_HLS_TREEADD_PERIPH_BUS_rdata[17]
                            (output port)
  Path Group:             (none)
  Path Type:              Max at Slow Process Corner
  Data Path Delay:        1.491ns  (logic 0.518ns (34.742%)  route 0.973ns (65.258%))
  Logic Levels:           0  
  Clock Uncertainty:      0.025ns  ((TSJ^2 + TIJ^2)^1/2 + DJ) / 2 + PE
    Total System Jitter     (TSJ):    0.050ns
    Total Input Jitter      (TIJ):    0.000ns
    Discrete Jitter          (DJ):    0.000ns
    Phase Error              (PE):    0.000ns

    Location             Delay type                Incr(ns)  Path(ns)    Netlist Resource(s)
  -------------------------------------------------------------------    -------------------
                         (clock ap_clk rise edge)     0.000     0.000 r  
                                                      0.000     0.000 r  ap_clk (IN)
                         net (fo=442, unset)          0.973     0.973    bd_0_i/hls_inst/inst/HLS_TREEADD_PERIPH_BUS_s_axi_U/ap_clk
    SLICE_X38Y75         FDRE                                         r  bd_0_i/hls_inst/inst/HLS_TREEADD_PERIPH_BUS_s_axi_U/rdata_reg[17]/C
  -------------------------------------------------------------------    -------------------
    SLICE_X38Y75         FDRE (Prop_fdre_C_Q)         0.518     1.491 r  bd_0_i/hls_inst/inst/HLS_TREEADD_PERIPH_BUS_s_axi_U/rdata_reg[17]/Q
                         net (fo=0)                   0.973     2.464    s_axi_HLS_TREEADD_PERIPH_BUS_rdata[17]
                                                                      r  s_axi_HLS_TREEADD_PERIPH_BUS_rdata[17] (OUT)
  -------------------------------------------------------------------    -------------------

Slack:                    inf
  Source:                 bd_0_i/hls_inst/inst/HLS_TREEADD_PERIPH_BUS_s_axi_U/rdata_reg[19]/C
                            (rising edge-triggered cell FDRE clocked by ap_clk  {rise@0.000ns fall@5.000ns period=10.000ns})
  Destination:            s_axi_HLS_TREEADD_PERIPH_BUS_rdata[19]
                            (output port)
  Path Group:             (none)
  Path Type:              Max at Slow Process Corner
  Data Path Delay:        1.491ns  (logic 0.518ns (34.742%)  route 0.973ns (65.258%))
  Logic Levels:           0  
  Clock Uncertainty:      0.025ns  ((TSJ^2 + TIJ^2)^1/2 + DJ) / 2 + PE
    Total System Jitter     (TSJ):    0.050ns
    Total Input Jitter      (TIJ):    0.000ns
    Discrete Jitter          (DJ):    0.000ns
    Phase Error              (PE):    0.000ns

    Location             Delay type                Incr(ns)  Path(ns)    Netlist Resource(s)
  -------------------------------------------------------------------    -------------------
                         (clock ap_clk rise edge)     0.000     0.000 r  
                                                      0.000     0.000 r  ap_clk (IN)
                         net (fo=442, unset)          0.973     0.973    bd_0_i/hls_inst/inst/HLS_TREEADD_PERIPH_BUS_s_axi_U/ap_clk
    SLICE_X36Y75         FDRE                                         r  bd_0_i/hls_inst/inst/HLS_TREEADD_PERIPH_BUS_s_axi_U/rdata_reg[19]/C
  -------------------------------------------------------------------    -------------------
    SLICE_X36Y75         FDRE (Prop_fdre_C_Q)         0.518     1.491 r  bd_0_i/hls_inst/inst/HLS_TREEADD_PERIPH_BUS_s_axi_U/rdata_reg[19]/Q
                         net (fo=0)                   0.973     2.464    s_axi_HLS_TREEADD_PERIPH_BUS_rdata[19]
                                                                      r  s_axi_HLS_TREEADD_PERIPH_BUS_rdata[19] (OUT)
  -------------------------------------------------------------------    -------------------

Slack:                    inf
  Source:                 bd_0_i/hls_inst/inst/HLS_TREEADD_PERIPH_BUS_s_axi_U/rdata_reg[20]/C
                            (rising edge-triggered cell FDRE clocked by ap_clk  {rise@0.000ns fall@5.000ns period=10.000ns})
  Destination:            s_axi_HLS_TREEADD_PERIPH_BUS_rdata[20]
                            (output port)
  Path Group:             (none)
  Path Type:              Max at Slow Process Corner
  Data Path Delay:        1.491ns  (logic 0.518ns (34.742%)  route 0.973ns (65.258%))
  Logic Levels:           0  
  Clock Uncertainty:      0.025ns  ((TSJ^2 + TIJ^2)^1/2 + DJ) / 2 + PE
    Total System Jitter     (TSJ):    0.050ns
    Total Input Jitter      (TIJ):    0.000ns
    Discrete Jitter          (DJ):    0.000ns
    Phase Error              (PE):    0.000ns

    Location             Delay type                Incr(ns)  Path(ns)    Netlist Resource(s)
  -------------------------------------------------------------------    -------------------
                         (clock ap_clk rise edge)     0.000     0.000 r  
                                                      0.000     0.000 r  ap_clk (IN)
                         net (fo=442, unset)          0.973     0.973    bd_0_i/hls_inst/inst/HLS_TREEADD_PERIPH_BUS_s_axi_U/ap_clk
    SLICE_X38Y80         FDRE                                         r  bd_0_i/hls_inst/inst/HLS_TREEADD_PERIPH_BUS_s_axi_U/rdata_reg[20]/C
  -------------------------------------------------------------------    -------------------
    SLICE_X38Y80         FDRE (Prop_fdre_C_Q)         0.518     1.491 r  bd_0_i/hls_inst/inst/HLS_TREEADD_PERIPH_BUS_s_axi_U/rdata_reg[20]/Q
                         net (fo=0)                   0.973     2.464    s_axi_HLS_TREEADD_PERIPH_BUS_rdata[20]
                                                                      r  s_axi_HLS_TREEADD_PERIPH_BUS_rdata[20] (OUT)
  -------------------------------------------------------------------    -------------------

Slack:                    inf
  Source:                 bd_0_i/hls_inst/inst/HLS_TREEADD_PERIPH_BUS_s_axi_U/rdata_reg[21]/C
                            (rising edge-triggered cell FDRE clocked by ap_clk  {rise@0.000ns fall@5.000ns period=10.000ns})
  Destination:            s_axi_HLS_TREEADD_PERIPH_BUS_rdata[21]
                            (output port)
  Path Group:             (none)
  Path Type:              Max at Slow Process Corner
  Data Path Delay:        1.491ns  (logic 0.518ns (34.742%)  route 0.973ns (65.258%))
  Logic Levels:           0  
  Clock Uncertainty:      0.025ns  ((TSJ^2 + TIJ^2)^1/2 + DJ) / 2 + PE
    Total System Jitter     (TSJ):    0.050ns
    Total Input Jitter      (TIJ):    0.000ns
    Discrete Jitter          (DJ):    0.000ns
    Phase Error              (PE):    0.000ns

    Location             Delay type                Incr(ns)  Path(ns)    Netlist Resource(s)
  -------------------------------------------------------------------    -------------------
                         (clock ap_clk rise edge)     0.000     0.000 r  
                                                      0.000     0.000 r  ap_clk (IN)
                         net (fo=442, unset)          0.973     0.973    bd_0_i/hls_inst/inst/HLS_TREEADD_PERIPH_BUS_s_axi_U/ap_clk
    SLICE_X38Y77         FDRE                                         r  bd_0_i/hls_inst/inst/HLS_TREEADD_PERIPH_BUS_s_axi_U/rdata_reg[21]/C
  -------------------------------------------------------------------    -------------------
    SLICE_X38Y77         FDRE (Prop_fdre_C_Q)         0.518     1.491 r  bd_0_i/hls_inst/inst/HLS_TREEADD_PERIPH_BUS_s_axi_U/rdata_reg[21]/Q
                         net (fo=0)                   0.973     2.464    s_axi_HLS_TREEADD_PERIPH_BUS_rdata[21]
                                                                      r  s_axi_HLS_TREEADD_PERIPH_BUS_rdata[21] (OUT)
  -------------------------------------------------------------------    -------------------

Slack:                    inf
  Source:                 bd_0_i/hls_inst/inst/HLS_TREEADD_PERIPH_BUS_s_axi_U/rdata_reg[23]/C
                            (rising edge-triggered cell FDRE clocked by ap_clk  {rise@0.000ns fall@5.000ns period=10.000ns})
  Destination:            s_axi_HLS_TREEADD_PERIPH_BUS_rdata[23]
                            (output port)
  Path Group:             (none)
  Path Type:              Max at Slow Process Corner
  Data Path Delay:        1.491ns  (logic 0.518ns (34.742%)  route 0.973ns (65.258%))
  Logic Levels:           0  
  Clock Uncertainty:      0.025ns  ((TSJ^2 + TIJ^2)^1/2 + DJ) / 2 + PE
    Total System Jitter     (TSJ):    0.050ns
    Total Input Jitter      (TIJ):    0.000ns
    Discrete Jitter          (DJ):    0.000ns
    Phase Error              (PE):    0.000ns

    Location             Delay type                Incr(ns)  Path(ns)    Netlist Resource(s)
  -------------------------------------------------------------------    -------------------
                         (clock ap_clk rise edge)     0.000     0.000 r  
                                                      0.000     0.000 r  ap_clk (IN)
                         net (fo=442, unset)          0.973     0.973    bd_0_i/hls_inst/inst/HLS_TREEADD_PERIPH_BUS_s_axi_U/ap_clk
    SLICE_X36Y81         FDRE                                         r  bd_0_i/hls_inst/inst/HLS_TREEADD_PERIPH_BUS_s_axi_U/rdata_reg[23]/C
  -------------------------------------------------------------------    -------------------
    SLICE_X36Y81         FDRE (Prop_fdre_C_Q)         0.518     1.491 r  bd_0_i/hls_inst/inst/HLS_TREEADD_PERIPH_BUS_s_axi_U/rdata_reg[23]/Q
                         net (fo=0)                   0.973     2.464    s_axi_HLS_TREEADD_PERIPH_BUS_rdata[23]
                                                                      r  s_axi_HLS_TREEADD_PERIPH_BUS_rdata[23] (OUT)
  -------------------------------------------------------------------    -------------------

Slack:                    inf
  Source:                 bd_0_i/hls_inst/inst/HLS_TREEADD_PERIPH_BUS_s_axi_U/rdata_reg[24]/C
                            (rising edge-triggered cell FDRE clocked by ap_clk  {rise@0.000ns fall@5.000ns period=10.000ns})
  Destination:            s_axi_HLS_TREEADD_PERIPH_BUS_rdata[24]
                            (output port)
  Path Group:             (none)
  Path Type:              Max at Slow Process Corner
  Data Path Delay:        1.491ns  (logic 0.518ns (34.742%)  route 0.973ns (65.258%))
  Logic Levels:           0  
  Clock Uncertainty:      0.025ns  ((TSJ^2 + TIJ^2)^1/2 + DJ) / 2 + PE
    Total System Jitter     (TSJ):    0.050ns
    Total Input Jitter      (TIJ):    0.000ns
    Discrete Jitter          (DJ):    0.000ns
    Phase Error              (PE):    0.000ns

    Location             Delay type                Incr(ns)  Path(ns)    Netlist Resource(s)
  -------------------------------------------------------------------    -------------------
                         (clock ap_clk rise edge)     0.000     0.000 r  
                                                      0.000     0.000 r  ap_clk (IN)
                         net (fo=442, unset)          0.973     0.973    bd_0_i/hls_inst/inst/HLS_TREEADD_PERIPH_BUS_s_axi_U/ap_clk
    SLICE_X38Y81         FDRE                                         r  bd_0_i/hls_inst/inst/HLS_TREEADD_PERIPH_BUS_s_axi_U/rdata_reg[24]/C
  -------------------------------------------------------------------    -------------------
    SLICE_X38Y81         FDRE (Prop_fdre_C_Q)         0.518     1.491 r  bd_0_i/hls_inst/inst/HLS_TREEADD_PERIPH_BUS_s_axi_U/rdata_reg[24]/Q
                         net (fo=0)                   0.973     2.464    s_axi_HLS_TREEADD_PERIPH_BUS_rdata[24]
                                                                      r  s_axi_HLS_TREEADD_PERIPH_BUS_rdata[24] (OUT)
  -------------------------------------------------------------------    -------------------





Min Delay Paths
--------------------------------------------------------------------------------------
Slack:                    inf
  Source:                 bd_0_i/hls_inst/inst/HLS_TREEADD_PERIPH_BUS_s_axi_U/FSM_onehot_wstate_reg[3]/C
                            (rising edge-triggered cell FDRE clocked by ap_clk  {rise@0.000ns fall@5.000ns period=10.000ns})
  Destination:            s_axi_HLS_TREEADD_PERIPH_BUS_bvalid
                            (output port)
  Path Group:             (none)
  Path Type:              Min at Fast Process Corner
  Data Path Delay:        0.538ns  (logic 0.128ns (23.786%)  route 0.410ns (76.214%))
  Logic Levels:           0  
  Clock Uncertainty:      0.025ns  ((TSJ^2 + TIJ^2)^1/2 + DJ) / 2 + PE
    Total System Jitter     (TSJ):    0.050ns
    Total Input Jitter      (TIJ):    0.000ns
    Discrete Jitter          (DJ):    0.000ns
    Phase Error              (PE):    0.000ns

    Location             Delay type                Incr(ns)  Path(ns)    Netlist Resource(s)
  -------------------------------------------------------------------    -------------------
                         (clock ap_clk rise edge)     0.000     0.000 r  
                                                      0.000     0.000 r  ap_clk (IN)
                         net (fo=442, unset)          0.410     0.410    bd_0_i/hls_inst/inst/HLS_TREEADD_PERIPH_BUS_s_axi_U/ap_clk
    SLICE_X37Y67         FDRE                                         r  bd_0_i/hls_inst/inst/HLS_TREEADD_PERIPH_BUS_s_axi_U/FSM_onehot_wstate_reg[3]/C
  -------------------------------------------------------------------    -------------------
    SLICE_X37Y67         FDRE (Prop_fdre_C_Q)         0.128     0.538 r  bd_0_i/hls_inst/inst/HLS_TREEADD_PERIPH_BUS_s_axi_U/FSM_onehot_wstate_reg[3]/Q
                         net (fo=2, unset)            0.410     0.948    s_axi_HLS_TREEADD_PERIPH_BUS_bvalid
                                                                      r  s_axi_HLS_TREEADD_PERIPH_BUS_bvalid (OUT)
  -------------------------------------------------------------------    -------------------

Slack:                    inf
  Source:                 bd_0_i/hls_inst/inst/HLS_TREEADD_PERIPH_BUS_s_axi_U/FSM_onehot_rstate_reg[2]/C
                            (rising edge-triggered cell FDRE clocked by ap_clk  {rise@0.000ns fall@5.000ns period=10.000ns})
  Destination:            s_axi_HLS_TREEADD_PERIPH_BUS_rvalid
                            (output port)
  Path Group:             (none)
  Path Type:              Min at Fast Process Corner
  Data Path Delay:        0.538ns  (logic 0.128ns (23.786%)  route 0.410ns (76.214%))
  Logic Levels:           0  
  Clock Uncertainty:      0.025ns  ((TSJ^2 + TIJ^2)^1/2 + DJ) / 2 + PE
    Total System Jitter     (TSJ):    0.050ns
    Total Input Jitter      (TIJ):    0.000ns
    Discrete Jitter          (DJ):    0.000ns
    Phase Error              (PE):    0.000ns

    Location             Delay type                Incr(ns)  Path(ns)    Netlist Resource(s)
  -------------------------------------------------------------------    -------------------
                         (clock ap_clk rise edge)     0.000     0.000 r  
                                                      0.000     0.000 r  ap_clk (IN)
                         net (fo=442, unset)          0.410     0.410    bd_0_i/hls_inst/inst/HLS_TREEADD_PERIPH_BUS_s_axi_U/ap_clk
    SLICE_X48Y77         FDRE                                         r  bd_0_i/hls_inst/inst/HLS_TREEADD_PERIPH_BUS_s_axi_U/FSM_onehot_rstate_reg[2]/C
  -------------------------------------------------------------------    -------------------
    SLICE_X48Y77         FDRE (Prop_fdre_C_Q)         0.128     0.538 r  bd_0_i/hls_inst/inst/HLS_TREEADD_PERIPH_BUS_s_axi_U/FSM_onehot_rstate_reg[2]/Q
                         net (fo=2, unset)            0.410     0.948    s_axi_HLS_TREEADD_PERIPH_BUS_rvalid
                                                                      r  s_axi_HLS_TREEADD_PERIPH_BUS_rvalid (OUT)
  -------------------------------------------------------------------    -------------------

Slack:                    inf
  Source:                 bd_0_i/hls_inst/inst/HLS_TREEADD_PERIPH_BUS_s_axi_U/int_interrupt_reg/C
                            (rising edge-triggered cell FDRE clocked by ap_clk  {rise@0.000ns fall@5.000ns period=10.000ns})
  Destination:            interrupt
                            (output port)
  Path Group:             (none)
  Path Type:              Min at Fast Process Corner
  Data Path Delay:        0.551ns  (logic 0.141ns (25.583%)  route 0.410ns (74.417%))
  Logic Levels:           0  
  Clock Uncertainty:      0.025ns  ((TSJ^2 + TIJ^2)^1/2 + DJ) / 2 + PE
    Total System Jitter     (TSJ):    0.050ns
    Total Input Jitter      (TIJ):    0.000ns
    Discrete Jitter          (DJ):    0.000ns
    Phase Error              (PE):    0.000ns

    Location             Delay type                Incr(ns)  Path(ns)    Netlist Resource(s)
  -------------------------------------------------------------------    -------------------
                         (clock ap_clk rise edge)     0.000     0.000 r  
                                                      0.000     0.000 r  ap_clk (IN)
                         net (fo=442, unset)          0.410     0.410    bd_0_i/hls_inst/inst/HLS_TREEADD_PERIPH_BUS_s_axi_U/ap_clk
    SLICE_X45Y77         FDRE                                         r  bd_0_i/hls_inst/inst/HLS_TREEADD_PERIPH_BUS_s_axi_U/int_interrupt_reg/C
  -------------------------------------------------------------------    -------------------
    SLICE_X45Y77         FDRE (Prop_fdre_C_Q)         0.141     0.551 r  bd_0_i/hls_inst/inst/HLS_TREEADD_PERIPH_BUS_s_axi_U/int_interrupt_reg/Q
                         net (fo=1, unset)            0.410     0.961    interrupt
                                                                      r  interrupt (OUT)
  -------------------------------------------------------------------    -------------------

Slack:                    inf
  Source:                 bd_0_i/hls_inst/inst/HLS_TREEADD_PERIPH_BUS_s_axi_U/FSM_onehot_rstate_reg[1]/C
                            (rising edge-triggered cell FDRE clocked by ap_clk  {rise@0.000ns fall@5.000ns period=10.000ns})
  Destination:            s_axi_HLS_TREEADD_PERIPH_BUS_arready
                            (output port)
  Path Group:             (none)
  Path Type:              Min at Fast Process Corner
  Data Path Delay:        0.551ns  (logic 0.141ns (25.583%)  route 0.410ns (74.417%))
  Logic Levels:           0  
  Clock Uncertainty:      0.025ns  ((TSJ^2 + TIJ^2)^1/2 + DJ) / 2 + PE
    Total System Jitter     (TSJ):    0.050ns
    Total Input Jitter      (TIJ):    0.000ns
    Discrete Jitter          (DJ):    0.000ns
    Phase Error              (PE):    0.000ns

    Location             Delay type                Incr(ns)  Path(ns)    Netlist Resource(s)
  -------------------------------------------------------------------    -------------------
                         (clock ap_clk rise edge)     0.000     0.000 r  
                                                      0.000     0.000 r  ap_clk (IN)
                         net (fo=442, unset)          0.410     0.410    bd_0_i/hls_inst/inst/HLS_TREEADD_PERIPH_BUS_s_axi_U/ap_clk
    SLICE_X48Y77         FDRE                                         r  bd_0_i/hls_inst/inst/HLS_TREEADD_PERIPH_BUS_s_axi_U/FSM_onehot_rstate_reg[1]/C
  -------------------------------------------------------------------    -------------------
    SLICE_X48Y77         FDRE (Prop_fdre_C_Q)         0.141     0.551 r  bd_0_i/hls_inst/inst/HLS_TREEADD_PERIPH_BUS_s_axi_U/FSM_onehot_rstate_reg[1]/Q
                         net (fo=5, unset)            0.410     0.961    s_axi_HLS_TREEADD_PERIPH_BUS_arready
                                                                      r  s_axi_HLS_TREEADD_PERIPH_BUS_arready (OUT)
  -------------------------------------------------------------------    -------------------

Slack:                    inf
  Source:                 bd_0_i/hls_inst/inst/HLS_TREEADD_PERIPH_BUS_s_axi_U/FSM_onehot_wstate_reg[1]/C
                            (rising edge-triggered cell FDRE clocked by ap_clk  {rise@0.000ns fall@5.000ns period=10.000ns})
  Destination:            s_axi_HLS_TREEADD_PERIPH_BUS_awready
                            (output port)
  Path Group:             (none)
  Path Type:              Min at Fast Process Corner
  Data Path Delay:        0.551ns  (logic 0.141ns (25.583%)  route 0.410ns (74.417%))
  Logic Levels:           0  
  Clock Uncertainty:      0.025ns  ((TSJ^2 + TIJ^2)^1/2 + DJ) / 2 + PE
    Total System Jitter     (TSJ):    0.050ns
    Total Input Jitter      (TIJ):    0.000ns
    Discrete Jitter          (DJ):    0.000ns
    Phase Error              (PE):    0.000ns

    Location             Delay type                Incr(ns)  Path(ns)    Netlist Resource(s)
  -------------------------------------------------------------------    -------------------
                         (clock ap_clk rise edge)     0.000     0.000 r  
                                                      0.000     0.000 r  ap_clk (IN)
                         net (fo=442, unset)          0.410     0.410    bd_0_i/hls_inst/inst/HLS_TREEADD_PERIPH_BUS_s_axi_U/ap_clk
    SLICE_X37Y67         FDRE                                         r  bd_0_i/hls_inst/inst/HLS_TREEADD_PERIPH_BUS_s_axi_U/FSM_onehot_wstate_reg[1]/C
  -------------------------------------------------------------------    -------------------
    SLICE_X37Y67         FDRE (Prop_fdre_C_Q)         0.141     0.551 r  bd_0_i/hls_inst/inst/HLS_TREEADD_PERIPH_BUS_s_axi_U/FSM_onehot_wstate_reg[1]/Q
                         net (fo=3, unset)            0.410     0.961    s_axi_HLS_TREEADD_PERIPH_BUS_awready
                                                                      r  s_axi_HLS_TREEADD_PERIPH_BUS_awready (OUT)
  -------------------------------------------------------------------    -------------------

Slack:                    inf
  Source:                 bd_0_i/hls_inst/inst/HLS_TREEADD_PERIPH_BUS_s_axi_U/rdata_reg[11]/C
                            (rising edge-triggered cell FDRE clocked by ap_clk  {rise@0.000ns fall@5.000ns period=10.000ns})
  Destination:            s_axi_HLS_TREEADD_PERIPH_BUS_rdata[11]
                            (output port)
  Path Group:             (none)
  Path Type:              Min at Fast Process Corner
  Data Path Delay:        0.551ns  (logic 0.141ns (25.583%)  route 0.410ns (74.417%))
  Logic Levels:           0  
  Clock Uncertainty:      0.025ns  ((TSJ^2 + TIJ^2)^1/2 + DJ) / 2 + PE
    Total System Jitter     (TSJ):    0.050ns
    Total Input Jitter      (TIJ):    0.000ns
    Discrete Jitter          (DJ):    0.000ns
    Phase Error              (PE):    0.000ns

    Location             Delay type                Incr(ns)  Path(ns)    Netlist Resource(s)
  -------------------------------------------------------------------    -------------------
                         (clock ap_clk rise edge)     0.000     0.000 r  
                                                      0.000     0.000 r  ap_clk (IN)
                         net (fo=442, unset)          0.410     0.410    bd_0_i/hls_inst/inst/HLS_TREEADD_PERIPH_BUS_s_axi_U/ap_clk
    SLICE_X39Y68         FDRE                                         r  bd_0_i/hls_inst/inst/HLS_TREEADD_PERIPH_BUS_s_axi_U/rdata_reg[11]/C
  -------------------------------------------------------------------    -------------------
    SLICE_X39Y68         FDRE (Prop_fdre_C_Q)         0.141     0.551 r  bd_0_i/hls_inst/inst/HLS_TREEADD_PERIPH_BUS_s_axi_U/rdata_reg[11]/Q
                         net (fo=0)                   0.410     0.961    s_axi_HLS_TREEADD_PERIPH_BUS_rdata[11]
                                                                      r  s_axi_HLS_TREEADD_PERIPH_BUS_rdata[11] (OUT)
  -------------------------------------------------------------------    -------------------

Slack:                    inf
  Source:                 bd_0_i/hls_inst/inst/HLS_TREEADD_PERIPH_BUS_s_axi_U/rdata_reg[12]/C
                            (rising edge-triggered cell FDRE clocked by ap_clk  {rise@0.000ns fall@5.000ns period=10.000ns})
  Destination:            s_axi_HLS_TREEADD_PERIPH_BUS_rdata[12]
                            (output port)
  Path Group:             (none)
  Path Type:              Min at Fast Process Corner
  Data Path Delay:        0.551ns  (logic 0.141ns (25.583%)  route 0.410ns (74.417%))
  Logic Levels:           0  
  Clock Uncertainty:      0.025ns  ((TSJ^2 + TIJ^2)^1/2 + DJ) / 2 + PE
    Total System Jitter     (TSJ):    0.050ns
    Total Input Jitter      (TIJ):    0.000ns
    Discrete Jitter          (DJ):    0.000ns
    Phase Error              (PE):    0.000ns

    Location             Delay type                Incr(ns)  Path(ns)    Netlist Resource(s)
  -------------------------------------------------------------------    -------------------
                         (clock ap_clk rise edge)     0.000     0.000 r  
                                                      0.000     0.000 r  ap_clk (IN)
                         net (fo=442, unset)          0.410     0.410    bd_0_i/hls_inst/inst/HLS_TREEADD_PERIPH_BUS_s_axi_U/ap_clk
    SLICE_X37Y70         FDRE                                         r  bd_0_i/hls_inst/inst/HLS_TREEADD_PERIPH_BUS_s_axi_U/rdata_reg[12]/C
  -------------------------------------------------------------------    -------------------
    SLICE_X37Y70         FDRE (Prop_fdre_C_Q)         0.141     0.551 r  bd_0_i/hls_inst/inst/HLS_TREEADD_PERIPH_BUS_s_axi_U/rdata_reg[12]/Q
                         net (fo=0)                   0.410     0.961    s_axi_HLS_TREEADD_PERIPH_BUS_rdata[12]
                                                                      r  s_axi_HLS_TREEADD_PERIPH_BUS_rdata[12] (OUT)
  -------------------------------------------------------------------    -------------------

Slack:                    inf
  Source:                 bd_0_i/hls_inst/inst/HLS_TREEADD_PERIPH_BUS_s_axi_U/rdata_reg[13]/C
                            (rising edge-triggered cell FDRE clocked by ap_clk  {rise@0.000ns fall@5.000ns period=10.000ns})
  Destination:            s_axi_HLS_TREEADD_PERIPH_BUS_rdata[13]
                            (output port)
  Path Group:             (none)
  Path Type:              Min at Fast Process Corner
  Data Path Delay:        0.551ns  (logic 0.141ns (25.583%)  route 0.410ns (74.417%))
  Logic Levels:           0  
  Clock Uncertainty:      0.025ns  ((TSJ^2 + TIJ^2)^1/2 + DJ) / 2 + PE
    Total System Jitter     (TSJ):    0.050ns
    Total Input Jitter      (TIJ):    0.000ns
    Discrete Jitter          (DJ):    0.000ns
    Phase Error              (PE):    0.000ns

    Location             Delay type                Incr(ns)  Path(ns)    Netlist Resource(s)
  -------------------------------------------------------------------    -------------------
                         (clock ap_clk rise edge)     0.000     0.000 r  
                                                      0.000     0.000 r  ap_clk (IN)
                         net (fo=442, unset)          0.410     0.410    bd_0_i/hls_inst/inst/HLS_TREEADD_PERIPH_BUS_s_axi_U/ap_clk
    SLICE_X40Y68         FDRE                                         r  bd_0_i/hls_inst/inst/HLS_TREEADD_PERIPH_BUS_s_axi_U/rdata_reg[13]/C
  -------------------------------------------------------------------    -------------------
    SLICE_X40Y68         FDRE (Prop_fdre_C_Q)         0.141     0.551 r  bd_0_i/hls_inst/inst/HLS_TREEADD_PERIPH_BUS_s_axi_U/rdata_reg[13]/Q
                         net (fo=0)                   0.410     0.961    s_axi_HLS_TREEADD_PERIPH_BUS_rdata[13]
                                                                      r  s_axi_HLS_TREEADD_PERIPH_BUS_rdata[13] (OUT)
  -------------------------------------------------------------------    -------------------

Slack:                    inf
  Source:                 bd_0_i/hls_inst/inst/HLS_TREEADD_PERIPH_BUS_s_axi_U/rdata_reg[14]/C
                            (rising edge-triggered cell FDRE clocked by ap_clk  {rise@0.000ns fall@5.000ns period=10.000ns})
  Destination:            s_axi_HLS_TREEADD_PERIPH_BUS_rdata[14]
                            (output port)
  Path Group:             (none)
  Path Type:              Min at Fast Process Corner
  Data Path Delay:        0.551ns  (logic 0.141ns (25.583%)  route 0.410ns (74.417%))
  Logic Levels:           0  
  Clock Uncertainty:      0.025ns  ((TSJ^2 + TIJ^2)^1/2 + DJ) / 2 + PE
    Total System Jitter     (TSJ):    0.050ns
    Total Input Jitter      (TIJ):    0.000ns
    Discrete Jitter          (DJ):    0.000ns
    Phase Error              (PE):    0.000ns

    Location             Delay type                Incr(ns)  Path(ns)    Netlist Resource(s)
  -------------------------------------------------------------------    -------------------
                         (clock ap_clk rise edge)     0.000     0.000 r  
                                                      0.000     0.000 r  ap_clk (IN)
                         net (fo=442, unset)          0.410     0.410    bd_0_i/hls_inst/inst/HLS_TREEADD_PERIPH_BUS_s_axi_U/ap_clk
    SLICE_X35Y71         FDRE                                         r  bd_0_i/hls_inst/inst/HLS_TREEADD_PERIPH_BUS_s_axi_U/rdata_reg[14]/C
  -------------------------------------------------------------------    -------------------
    SLICE_X35Y71         FDRE (Prop_fdre_C_Q)         0.141     0.551 r  bd_0_i/hls_inst/inst/HLS_TREEADD_PERIPH_BUS_s_axi_U/rdata_reg[14]/Q
                         net (fo=0)                   0.410     0.961    s_axi_HLS_TREEADD_PERIPH_BUS_rdata[14]
                                                                      r  s_axi_HLS_TREEADD_PERIPH_BUS_rdata[14] (OUT)
  -------------------------------------------------------------------    -------------------

Slack:                    inf
  Source:                 bd_0_i/hls_inst/inst/HLS_TREEADD_PERIPH_BUS_s_axi_U/rdata_reg[18]/C
                            (rising edge-triggered cell FDRE clocked by ap_clk  {rise@0.000ns fall@5.000ns period=10.000ns})
  Destination:            s_axi_HLS_TREEADD_PERIPH_BUS_rdata[18]
                            (output port)
  Path Group:             (none)
  Path Type:              Min at Fast Process Corner
  Data Path Delay:        0.551ns  (logic 0.141ns (25.583%)  route 0.410ns (74.417%))
  Logic Levels:           0  
  Clock Uncertainty:      0.025ns  ((TSJ^2 + TIJ^2)^1/2 + DJ) / 2 + PE
    Total System Jitter     (TSJ):    0.050ns
    Total Input Jitter      (TIJ):    0.000ns
    Discrete Jitter          (DJ):    0.000ns
    Phase Error              (PE):    0.000ns

    Location             Delay type                Incr(ns)  Path(ns)    Netlist Resource(s)
  -------------------------------------------------------------------    -------------------
                         (clock ap_clk rise edge)     0.000     0.000 r  
                                                      0.000     0.000 r  ap_clk (IN)
                         net (fo=442, unset)          0.410     0.410    bd_0_i/hls_inst/inst/HLS_TREEADD_PERIPH_BUS_s_axi_U/ap_clk
    SLICE_X35Y75         FDRE                                         r  bd_0_i/hls_inst/inst/HLS_TREEADD_PERIPH_BUS_s_axi_U/rdata_reg[18]/C
  -------------------------------------------------------------------    -------------------
    SLICE_X35Y75         FDRE (Prop_fdre_C_Q)         0.141     0.551 r  bd_0_i/hls_inst/inst/HLS_TREEADD_PERIPH_BUS_s_axi_U/rdata_reg[18]/Q
                         net (fo=0)                   0.410     0.961    s_axi_HLS_TREEADD_PERIPH_BUS_rdata[18]
                                                                      r  s_axi_HLS_TREEADD_PERIPH_BUS_rdata[18] (OUT)
  -------------------------------------------------------------------    -------------------





--------------------------------------------------------------------------------------
Path Group:  (none)
From Clock:  
  To Clock:  ap_clk

Max Delay           940 Endpoints
Min Delay           940 Endpoints
--------------------------------------------------------------------------------------


Max Delay Paths
--------------------------------------------------------------------------------------
Slack:                    inf
  Source:                 s_axi_HLS_TREEADD_PERIPH_BUS_arvalid
                            (input port)
  Destination:            bd_0_i/hls_inst/inst/HLS_TREEADD_PERIPH_BUS_s_axi_U/rdata_reg[11]/CE
                            (rising edge-triggered cell FDRE clocked by ap_clk  {rise@0.000ns fall@5.000ns period=10.000ns})
  Path Group:             (none)
  Path Type:              Setup (Max at Slow Process Corner)
  Data Path Delay:        4.063ns  (logic 0.154ns (3.790%)  route 3.909ns (96.210%))
  Logic Levels:           1  (LUT2=1)
  Clock Path Skew:        0.924ns (DCD - SCD + CPR)
    Destination Clock Delay (DCD):    0.924ns
    Source Clock Delay      (SCD):    0.000ns
    Clock Pessimism Removal (CPR):    0.000ns
  Clock Uncertainty:      0.025ns  ((TSJ^2 + TIJ^2)^1/2 + DJ) / 2 + PE
    Total System Jitter     (TSJ):    0.050ns
    Total Input Jitter      (TIJ):    0.000ns
    Discrete Jitter          (DJ):    0.000ns
    Phase Error              (PE):    0.000ns

    Location             Delay type                Incr(ns)  Path(ns)    Netlist Resource(s)
  -------------------------------------------------------------------    -------------------
                                                      0.000     0.000 r  s_axi_HLS_TREEADD_PERIPH_BUS_arvalid (IN)
                         net (fo=4, unset)            0.973     0.973    bd_0_i/hls_inst/inst/HLS_TREEADD_PERIPH_BUS_s_axi_U/s_axi_HLS_TREEADD_PERIPH_BUS_ARVALID
    SLICE_X48Y77         LUT2 (Prop_lut2_I1_O)        0.154     1.127 r  bd_0_i/hls_inst/inst/HLS_TREEADD_PERIPH_BUS_s_axi_U/rdata[31]_i_2/O
                         net (fo=33, routed)          2.936     4.063    bd_0_i/hls_inst/inst/HLS_TREEADD_PERIPH_BUS_s_axi_U/ar_hs
    SLICE_X39Y68         FDRE                                         r  bd_0_i/hls_inst/inst/HLS_TREEADD_PERIPH_BUS_s_axi_U/rdata_reg[11]/CE
  -------------------------------------------------------------------    -------------------

                         (clock ap_clk rise edge)     0.000     0.000 r  
                                                      0.000     0.000 r  ap_clk (IN)
                         net (fo=442, unset)          0.924     0.924    bd_0_i/hls_inst/inst/HLS_TREEADD_PERIPH_BUS_s_axi_U/ap_clk
    SLICE_X39Y68         FDRE                                         r  bd_0_i/hls_inst/inst/HLS_TREEADD_PERIPH_BUS_s_axi_U/rdata_reg[11]/C

Slack:                    inf
  Source:                 s_axi_HLS_TREEADD_PERIPH_BUS_wvalid
                            (input port)
  Destination:            bd_0_i/hls_inst/inst/HLS_TREEADD_PERIPH_BUS_s_axi_U/int_f_reg[30]/CE
                            (rising edge-triggered cell FDRE clocked by ap_clk  {rise@0.000ns fall@5.000ns period=10.000ns})
  Path Group:             (none)
  Path Type:              Setup (Max at Slow Process Corner)
  Data Path Delay:        4.010ns  (logic 0.248ns (6.185%)  route 3.762ns (93.815%))
  Logic Levels:           2  (LUT2=1 LUT6=1)
  Clock Path Skew:        0.924ns (DCD - SCD + CPR)
    Destination Clock Delay (DCD):    0.924ns
    Source Clock Delay      (SCD):    0.000ns
    Clock Pessimism Removal (CPR):    0.000ns
  Clock Uncertainty:      0.025ns  ((TSJ^2 + TIJ^2)^1/2 + DJ) / 2 + PE
    Total System Jitter     (TSJ):    0.050ns
    Total Input Jitter      (TIJ):    0.000ns
    Discrete Jitter          (DJ):    0.000ns
    Phase Error              (PE):    0.000ns

    Location             Delay type                Incr(ns)  Path(ns)    Netlist Resource(s)
  -------------------------------------------------------------------    -------------------
                                                      0.000     0.000 r  s_axi_HLS_TREEADD_PERIPH_BUS_wvalid (IN)
                         net (fo=4, unset)            0.973     0.973    bd_0_i/hls_inst/inst/HLS_TREEADD_PERIPH_BUS_s_axi_U/s_axi_HLS_TREEADD_PERIPH_BUS_WVALID
    SLICE_X37Y67         LUT2 (Prop_lut2_I1_O)        0.124     1.097 r  bd_0_i/hls_inst/inst/HLS_TREEADD_PERIPH_BUS_s_axi_U/int_a[31]_i_3/O
                         net (fo=8, routed)           0.549     1.646    bd_0_i/hls_inst/inst/HLS_TREEADD_PERIPH_BUS_s_axi_U/int_a[31]_i_3_n_0
    SLICE_X38Y67         LUT6 (Prop_lut6_I2_O)        0.124     1.770 r  bd_0_i/hls_inst/inst/HLS_TREEADD_PERIPH_BUS_s_axi_U/int_f[31]_i_1/O
                         net (fo=32, routed)          2.240     4.010    bd_0_i/hls_inst/inst/HLS_TREEADD_PERIPH_BUS_s_axi_U/int_f[31]_i_1_n_0
    SLICE_X39Y82         FDRE                                         r  bd_0_i/hls_inst/inst/HLS_TREEADD_PERIPH_BUS_s_axi_U/int_f_reg[30]/CE
  -------------------------------------------------------------------    -------------------

                         (clock ap_clk rise edge)     0.000     0.000 r  
                                                      0.000     0.000 r  ap_clk (IN)
                         net (fo=442, unset)          0.924     0.924    bd_0_i/hls_inst/inst/HLS_TREEADD_PERIPH_BUS_s_axi_U/ap_clk
    SLICE_X39Y82         FDRE                                         r  bd_0_i/hls_inst/inst/HLS_TREEADD_PERIPH_BUS_s_axi_U/int_f_reg[30]/C

Slack:                    inf
  Source:                 s_axi_HLS_TREEADD_PERIPH_BUS_wvalid
                            (input port)
  Destination:            bd_0_i/hls_inst/inst/HLS_TREEADD_PERIPH_BUS_s_axi_U/int_f_reg[31]/CE
                            (rising edge-triggered cell FDRE clocked by ap_clk  {rise@0.000ns fall@5.000ns period=10.000ns})
  Path Group:             (none)
  Path Type:              Setup (Max at Slow Process Corner)
  Data Path Delay:        4.010ns  (logic 0.248ns (6.185%)  route 3.762ns (93.815%))
  Logic Levels:           2  (LUT2=1 LUT6=1)
  Clock Path Skew:        0.924ns (DCD - SCD + CPR)
    Destination Clock Delay (DCD):    0.924ns
    Source Clock Delay      (SCD):    0.000ns
    Clock Pessimism Removal (CPR):    0.000ns
  Clock Uncertainty:      0.025ns  ((TSJ^2 + TIJ^2)^1/2 + DJ) / 2 + PE
    Total System Jitter     (TSJ):    0.050ns
    Total Input Jitter      (TIJ):    0.000ns
    Discrete Jitter          (DJ):    0.000ns
    Phase Error              (PE):    0.000ns

    Location             Delay type                Incr(ns)  Path(ns)    Netlist Resource(s)
  -------------------------------------------------------------------    -------------------
                                                      0.000     0.000 r  s_axi_HLS_TREEADD_PERIPH_BUS_wvalid (IN)
                         net (fo=4, unset)            0.973     0.973    bd_0_i/hls_inst/inst/HLS_TREEADD_PERIPH_BUS_s_axi_U/s_axi_HLS_TREEADD_PERIPH_BUS_WVALID
    SLICE_X37Y67         LUT2 (Prop_lut2_I1_O)        0.124     1.097 r  bd_0_i/hls_inst/inst/HLS_TREEADD_PERIPH_BUS_s_axi_U/int_a[31]_i_3/O
                         net (fo=8, routed)           0.549     1.646    bd_0_i/hls_inst/inst/HLS_TREEADD_PERIPH_BUS_s_axi_U/int_a[31]_i_3_n_0
    SLICE_X38Y67         LUT6 (Prop_lut6_I2_O)        0.124     1.770 r  bd_0_i/hls_inst/inst/HLS_TREEADD_PERIPH_BUS_s_axi_U/int_f[31]_i_1/O
                         net (fo=32, routed)          2.240     4.010    bd_0_i/hls_inst/inst/HLS_TREEADD_PERIPH_BUS_s_axi_U/int_f[31]_i_1_n_0
    SLICE_X39Y82         FDRE                                         r  bd_0_i/hls_inst/inst/HLS_TREEADD_PERIPH_BUS_s_axi_U/int_f_reg[31]/CE
  -------------------------------------------------------------------    -------------------

                         (clock ap_clk rise edge)     0.000     0.000 r  
                                                      0.000     0.000 r  ap_clk (IN)
                         net (fo=442, unset)          0.924     0.924    bd_0_i/hls_inst/inst/HLS_TREEADD_PERIPH_BUS_s_axi_U/ap_clk
    SLICE_X39Y82         FDRE                                         r  bd_0_i/hls_inst/inst/HLS_TREEADD_PERIPH_BUS_s_axi_U/int_f_reg[31]/C

Slack:                    inf
  Source:                 s_axi_HLS_TREEADD_PERIPH_BUS_wvalid
                            (input port)
  Destination:            bd_0_i/hls_inst/inst/HLS_TREEADD_PERIPH_BUS_s_axi_U/int_e_reg[20]/CE
                            (rising edge-triggered cell FDRE clocked by ap_clk  {rise@0.000ns fall@5.000ns period=10.000ns})
  Path Group:             (none)
  Path Type:              Setup (Max at Slow Process Corner)
  Data Path Delay:        3.951ns  (logic 0.248ns (6.277%)  route 3.703ns (93.723%))
  Logic Levels:           2  (LUT2=1 LUT6=1)
  Clock Path Skew:        0.924ns (DCD - SCD + CPR)
    Destination Clock Delay (DCD):    0.924ns
    Source Clock Delay      (SCD):    0.000ns
    Clock Pessimism Removal (CPR):    0.000ns
  Clock Uncertainty:      0.025ns  ((TSJ^2 + TIJ^2)^1/2 + DJ) / 2 + PE
    Total System Jitter     (TSJ):    0.050ns
    Total Input Jitter      (TIJ):    0.000ns
    Discrete Jitter          (DJ):    0.000ns
    Phase Error              (PE):    0.000ns

    Location             Delay type                Incr(ns)  Path(ns)    Netlist Resource(s)
  -------------------------------------------------------------------    -------------------
                                                      0.000     0.000 r  s_axi_HLS_TREEADD_PERIPH_BUS_wvalid (IN)
                         net (fo=4, unset)            0.973     0.973    bd_0_i/hls_inst/inst/HLS_TREEADD_PERIPH_BUS_s_axi_U/s_axi_HLS_TREEADD_PERIPH_BUS_WVALID
    SLICE_X37Y67         LUT2 (Prop_lut2_I1_O)        0.124     1.097 r  bd_0_i/hls_inst/inst/HLS_TREEADD_PERIPH_BUS_s_axi_U/int_a[31]_i_3/O
                         net (fo=8, routed)           0.331     1.428    bd_0_i/hls_inst/inst/HLS_TREEADD_PERIPH_BUS_s_axi_U/int_a[31]_i_3_n_0
    SLICE_X37Y66         LUT6 (Prop_lut6_I2_O)        0.124     1.552 r  bd_0_i/hls_inst/inst/HLS_TREEADD_PERIPH_BUS_s_axi_U/int_e[31]_i_1/O
                         net (fo=32, routed)          2.398     3.951    bd_0_i/hls_inst/inst/HLS_TREEADD_PERIPH_BUS_s_axi_U/int_e[31]_i_1_n_0
    SLICE_X38Y76         FDRE                                         r  bd_0_i/hls_inst/inst/HLS_TREEADD_PERIPH_BUS_s_axi_U/int_e_reg[20]/CE
  -------------------------------------------------------------------    -------------------

                         (clock ap_clk rise edge)     0.000     0.000 r  
                                                      0.000     0.000 r  ap_clk (IN)
                         net (fo=442, unset)          0.924     0.924    bd_0_i/hls_inst/inst/HLS_TREEADD_PERIPH_BUS_s_axi_U/ap_clk
    SLICE_X38Y76         FDRE                                         r  bd_0_i/hls_inst/inst/HLS_TREEADD_PERIPH_BUS_s_axi_U/int_e_reg[20]/C

Slack:                    inf
  Source:                 ap_rst_n
                            (input port)
  Destination:            bd_0_i/hls_inst/inst/HLS_TREEADD_PERIPH_BUS_s_axi_U/int_a_reg[20]/R
                            (rising edge-triggered cell FDRE clocked by ap_clk  {rise@0.000ns fall@5.000ns period=10.000ns})
  Path Group:             (none)
  Path Type:              Setup (Max at Slow Process Corner)
  Data Path Delay:        3.935ns  (logic 0.124ns (3.151%)  route 3.811ns (96.849%))
  Logic Levels:           1  (LUT1=1)
  Clock Path Skew:        0.924ns (DCD - SCD + CPR)
    Destination Clock Delay (DCD):    0.924ns
    Source Clock Delay      (SCD):    0.000ns
    Clock Pessimism Removal (CPR):    0.000ns
  Clock Uncertainty:      0.025ns  ((TSJ^2 + TIJ^2)^1/2 + DJ) / 2 + PE
    Total System Jitter     (TSJ):    0.050ns
    Total Input Jitter      (TIJ):    0.000ns
    Discrete Jitter          (DJ):    0.000ns
    Phase Error              (PE):    0.000ns

    Location             Delay type                Incr(ns)  Path(ns)    Netlist Resource(s)
  -------------------------------------------------------------------    -------------------
                                                      0.000     0.000 f  ap_rst_n (IN)
                         net (fo=0)                   0.973     0.973    bd_0_i/hls_inst/inst/HLS_TREEADD_PERIPH_BUS_s_axi_U/ap_rst_n
    SLICE_X46Y78         LUT1 (Prop_lut1_I0_O)        0.124     1.097 r  bd_0_i/hls_inst/inst/HLS_TREEADD_PERIPH_BUS_s_axi_U/FSM_onehot_wstate[1]_i_1/O
                         net (fo=310, routed)         2.838     3.935    bd_0_i/hls_inst/inst/HLS_TREEADD_PERIPH_BUS_s_axi_U/ap_rst_n_inv
    SLICE_X39Y79         FDRE                                         r  bd_0_i/hls_inst/inst/HLS_TREEADD_PERIPH_BUS_s_axi_U/int_a_reg[20]/R
  -------------------------------------------------------------------    -------------------

                         (clock ap_clk rise edge)     0.000     0.000 r  
                                                      0.000     0.000 r  ap_clk (IN)
                         net (fo=442, unset)          0.924     0.924    bd_0_i/hls_inst/inst/HLS_TREEADD_PERIPH_BUS_s_axi_U/ap_clk
    SLICE_X39Y79         FDRE                                         r  bd_0_i/hls_inst/inst/HLS_TREEADD_PERIPH_BUS_s_axi_U/int_a_reg[20]/C

Slack:                    inf
  Source:                 ap_rst_n
                            (input port)
  Destination:            bd_0_i/hls_inst/inst/HLS_TREEADD_PERIPH_BUS_s_axi_U/int_a_reg[21]/R
                            (rising edge-triggered cell FDRE clocked by ap_clk  {rise@0.000ns fall@5.000ns period=10.000ns})
  Path Group:             (none)
  Path Type:              Setup (Max at Slow Process Corner)
  Data Path Delay:        3.935ns  (logic 0.124ns (3.151%)  route 3.811ns (96.849%))
  Logic Levels:           1  (LUT1=1)
  Clock Path Skew:        0.924ns (DCD - SCD + CPR)
    Destination Clock Delay (DCD):    0.924ns
    Source Clock Delay      (SCD):    0.000ns
    Clock Pessimism Removal (CPR):    0.000ns
  Clock Uncertainty:      0.025ns  ((TSJ^2 + TIJ^2)^1/2 + DJ) / 2 + PE
    Total System Jitter     (TSJ):    0.050ns
    Total Input Jitter      (TIJ):    0.000ns
    Discrete Jitter          (DJ):    0.000ns
    Phase Error              (PE):    0.000ns

    Location             Delay type                Incr(ns)  Path(ns)    Netlist Resource(s)
  -------------------------------------------------------------------    -------------------
                                                      0.000     0.000 f  ap_rst_n (IN)
                         net (fo=0)                   0.973     0.973    bd_0_i/hls_inst/inst/HLS_TREEADD_PERIPH_BUS_s_axi_U/ap_rst_n
    SLICE_X46Y78         LUT1 (Prop_lut1_I0_O)        0.124     1.097 r  bd_0_i/hls_inst/inst/HLS_TREEADD_PERIPH_BUS_s_axi_U/FSM_onehot_wstate[1]_i_1/O
                         net (fo=310, routed)         2.838     3.935    bd_0_i/hls_inst/inst/HLS_TREEADD_PERIPH_BUS_s_axi_U/ap_rst_n_inv
    SLICE_X39Y79         FDRE                                         r  bd_0_i/hls_inst/inst/HLS_TREEADD_PERIPH_BUS_s_axi_U/int_a_reg[21]/R
  -------------------------------------------------------------------    -------------------

                         (clock ap_clk rise edge)     0.000     0.000 r  
                                                      0.000     0.000 r  ap_clk (IN)
                         net (fo=442, unset)          0.924     0.924    bd_0_i/hls_inst/inst/HLS_TREEADD_PERIPH_BUS_s_axi_U/ap_clk
    SLICE_X39Y79         FDRE                                         r  bd_0_i/hls_inst/inst/HLS_TREEADD_PERIPH_BUS_s_axi_U/int_a_reg[21]/C

Slack:                    inf
  Source:                 ap_rst_n
                            (input port)
  Destination:            bd_0_i/hls_inst/inst/HLS_TREEADD_PERIPH_BUS_s_axi_U/int_a_reg[24]/R
                            (rising edge-triggered cell FDRE clocked by ap_clk  {rise@0.000ns fall@5.000ns period=10.000ns})
  Path Group:             (none)
  Path Type:              Setup (Max at Slow Process Corner)
  Data Path Delay:        3.935ns  (logic 0.124ns (3.151%)  route 3.811ns (96.849%))
  Logic Levels:           1  (LUT1=1)
  Clock Path Skew:        0.924ns (DCD - SCD + CPR)
    Destination Clock Delay (DCD):    0.924ns
    Source Clock Delay      (SCD):    0.000ns
    Clock Pessimism Removal (CPR):    0.000ns
  Clock Uncertainty:      0.025ns  ((TSJ^2 + TIJ^2)^1/2 + DJ) / 2 + PE
    Total System Jitter     (TSJ):    0.050ns
    Total Input Jitter      (TIJ):    0.000ns
    Discrete Jitter          (DJ):    0.000ns
    Phase Error              (PE):    0.000ns

    Location             Delay type                Incr(ns)  Path(ns)    Netlist Resource(s)
  -------------------------------------------------------------------    -------------------
                                                      0.000     0.000 f  ap_rst_n (IN)
                         net (fo=0)                   0.973     0.973    bd_0_i/hls_inst/inst/HLS_TREEADD_PERIPH_BUS_s_axi_U/ap_rst_n
    SLICE_X46Y78         LUT1 (Prop_lut1_I0_O)        0.124     1.097 r  bd_0_i/hls_inst/inst/HLS_TREEADD_PERIPH_BUS_s_axi_U/FSM_onehot_wstate[1]_i_1/O
                         net (fo=310, routed)         2.838     3.935    bd_0_i/hls_inst/inst/HLS_TREEADD_PERIPH_BUS_s_axi_U/ap_rst_n_inv
    SLICE_X39Y79         FDRE                                         r  bd_0_i/hls_inst/inst/HLS_TREEADD_PERIPH_BUS_s_axi_U/int_a_reg[24]/R
  -------------------------------------------------------------------    -------------------

                         (clock ap_clk rise edge)     0.000     0.000 r  
                                                      0.000     0.000 r  ap_clk (IN)
                         net (fo=442, unset)          0.924     0.924    bd_0_i/hls_inst/inst/HLS_TREEADD_PERIPH_BUS_s_axi_U/ap_clk
    SLICE_X39Y79         FDRE                                         r  bd_0_i/hls_inst/inst/HLS_TREEADD_PERIPH_BUS_s_axi_U/int_a_reg[24]/C

Slack:                    inf
  Source:                 ap_rst_n
                            (input port)
  Destination:            bd_0_i/hls_inst/inst/HLS_TREEADD_PERIPH_BUS_s_axi_U/int_a_reg[25]/R
                            (rising edge-triggered cell FDRE clocked by ap_clk  {rise@0.000ns fall@5.000ns period=10.000ns})
  Path Group:             (none)
  Path Type:              Setup (Max at Slow Process Corner)
  Data Path Delay:        3.935ns  (logic 0.124ns (3.151%)  route 3.811ns (96.849%))
  Logic Levels:           1  (LUT1=1)
  Clock Path Skew:        0.924ns (DCD - SCD + CPR)
    Destination Clock Delay (DCD):    0.924ns
    Source Clock Delay      (SCD):    0.000ns
    Clock Pessimism Removal (CPR):    0.000ns
  Clock Uncertainty:      0.025ns  ((TSJ^2 + TIJ^2)^1/2 + DJ) / 2 + PE
    Total System Jitter     (TSJ):    0.050ns
    Total Input Jitter      (TIJ):    0.000ns
    Discrete Jitter          (DJ):    0.000ns
    Phase Error              (PE):    0.000ns

    Location             Delay type                Incr(ns)  Path(ns)    Netlist Resource(s)
  -------------------------------------------------------------------    -------------------
                                                      0.000     0.000 f  ap_rst_n (IN)
                         net (fo=0)                   0.973     0.973    bd_0_i/hls_inst/inst/HLS_TREEADD_PERIPH_BUS_s_axi_U/ap_rst_n
    SLICE_X46Y78         LUT1 (Prop_lut1_I0_O)        0.124     1.097 r  bd_0_i/hls_inst/inst/HLS_TREEADD_PERIPH_BUS_s_axi_U/FSM_onehot_wstate[1]_i_1/O
                         net (fo=310, routed)         2.838     3.935    bd_0_i/hls_inst/inst/HLS_TREEADD_PERIPH_BUS_s_axi_U/ap_rst_n_inv
    SLICE_X39Y79         FDRE                                         r  bd_0_i/hls_inst/inst/HLS_TREEADD_PERIPH_BUS_s_axi_U/int_a_reg[25]/R
  -------------------------------------------------------------------    -------------------

                         (clock ap_clk rise edge)     0.000     0.000 r  
                                                      0.000     0.000 r  ap_clk (IN)
                         net (fo=442, unset)          0.924     0.924    bd_0_i/hls_inst/inst/HLS_TREEADD_PERIPH_BUS_s_axi_U/ap_clk
    SLICE_X39Y79         FDRE                                         r  bd_0_i/hls_inst/inst/HLS_TREEADD_PERIPH_BUS_s_axi_U/int_a_reg[25]/C

Slack:                    inf
  Source:                 ap_rst_n
                            (input port)
  Destination:            bd_0_i/hls_inst/inst/HLS_TREEADD_PERIPH_BUS_s_axi_U/int_a_reg[26]/R
                            (rising edge-triggered cell FDRE clocked by ap_clk  {rise@0.000ns fall@5.000ns period=10.000ns})
  Path Group:             (none)
  Path Type:              Setup (Max at Slow Process Corner)
  Data Path Delay:        3.935ns  (logic 0.124ns (3.151%)  route 3.811ns (96.849%))
  Logic Levels:           1  (LUT1=1)
  Clock Path Skew:        0.924ns (DCD - SCD + CPR)
    Destination Clock Delay (DCD):    0.924ns
    Source Clock Delay      (SCD):    0.000ns
    Clock Pessimism Removal (CPR):    0.000ns
  Clock Uncertainty:      0.025ns  ((TSJ^2 + TIJ^2)^1/2 + DJ) / 2 + PE
    Total System Jitter     (TSJ):    0.050ns
    Total Input Jitter      (TIJ):    0.000ns
    Discrete Jitter          (DJ):    0.000ns
    Phase Error              (PE):    0.000ns

    Location             Delay type                Incr(ns)  Path(ns)    Netlist Resource(s)
  -------------------------------------------------------------------    -------------------
                                                      0.000     0.000 f  ap_rst_n (IN)
                         net (fo=0)                   0.973     0.973    bd_0_i/hls_inst/inst/HLS_TREEADD_PERIPH_BUS_s_axi_U/ap_rst_n
    SLICE_X46Y78         LUT1 (Prop_lut1_I0_O)        0.124     1.097 r  bd_0_i/hls_inst/inst/HLS_TREEADD_PERIPH_BUS_s_axi_U/FSM_onehot_wstate[1]_i_1/O
                         net (fo=310, routed)         2.838     3.935    bd_0_i/hls_inst/inst/HLS_TREEADD_PERIPH_BUS_s_axi_U/ap_rst_n_inv
    SLICE_X39Y79         FDRE                                         r  bd_0_i/hls_inst/inst/HLS_TREEADD_PERIPH_BUS_s_axi_U/int_a_reg[26]/R
  -------------------------------------------------------------------    -------------------

                         (clock ap_clk rise edge)     0.000     0.000 r  
                                                      0.000     0.000 r  ap_clk (IN)
                         net (fo=442, unset)          0.924     0.924    bd_0_i/hls_inst/inst/HLS_TREEADD_PERIPH_BUS_s_axi_U/ap_clk
    SLICE_X39Y79         FDRE                                         r  bd_0_i/hls_inst/inst/HLS_TREEADD_PERIPH_BUS_s_axi_U/int_a_reg[26]/C

Slack:                    inf
  Source:                 ap_rst_n
                            (input port)
  Destination:            bd_0_i/hls_inst/inst/HLS_TREEADD_PERIPH_BUS_s_axi_U/int_a_reg[27]/R
                            (rising edge-triggered cell FDRE clocked by ap_clk  {rise@0.000ns fall@5.000ns period=10.000ns})
  Path Group:             (none)
  Path Type:              Setup (Max at Slow Process Corner)
  Data Path Delay:        3.935ns  (logic 0.124ns (3.151%)  route 3.811ns (96.849%))
  Logic Levels:           1  (LUT1=1)
  Clock Path Skew:        0.924ns (DCD - SCD + CPR)
    Destination Clock Delay (DCD):    0.924ns
    Source Clock Delay      (SCD):    0.000ns
    Clock Pessimism Removal (CPR):    0.000ns
  Clock Uncertainty:      0.025ns  ((TSJ^2 + TIJ^2)^1/2 + DJ) / 2 + PE
    Total System Jitter     (TSJ):    0.050ns
    Total Input Jitter      (TIJ):    0.000ns
    Discrete Jitter          (DJ):    0.000ns
    Phase Error              (PE):    0.000ns

    Location             Delay type                Incr(ns)  Path(ns)    Netlist Resource(s)
  -------------------------------------------------------------------    -------------------
                                                      0.000     0.000 f  ap_rst_n (IN)
                         net (fo=0)                   0.973     0.973    bd_0_i/hls_inst/inst/HLS_TREEADD_PERIPH_BUS_s_axi_U/ap_rst_n
    SLICE_X46Y78         LUT1 (Prop_lut1_I0_O)        0.124     1.097 r  bd_0_i/hls_inst/inst/HLS_TREEADD_PERIPH_BUS_s_axi_U/FSM_onehot_wstate[1]_i_1/O
                         net (fo=310, routed)         2.838     3.935    bd_0_i/hls_inst/inst/HLS_TREEADD_PERIPH_BUS_s_axi_U/ap_rst_n_inv
    SLICE_X39Y79         FDRE                                         r  bd_0_i/hls_inst/inst/HLS_TREEADD_PERIPH_BUS_s_axi_U/int_a_reg[27]/R
  -------------------------------------------------------------------    -------------------

                         (clock ap_clk rise edge)     0.000     0.000 r  
                                                      0.000     0.000 r  ap_clk (IN)
                         net (fo=442, unset)          0.924     0.924    bd_0_i/hls_inst/inst/HLS_TREEADD_PERIPH_BUS_s_axi_U/ap_clk
    SLICE_X39Y79         FDRE                                         r  bd_0_i/hls_inst/inst/HLS_TREEADD_PERIPH_BUS_s_axi_U/int_a_reg[27]/C





Min Delay Paths
--------------------------------------------------------------------------------------
Slack:                    inf
  Source:                 s_axi_HLS_TREEADD_PERIPH_BUS_awaddr[2]
                            (input port)
  Destination:            bd_0_i/hls_inst/inst/HLS_TREEADD_PERIPH_BUS_s_axi_U/waddr_reg[2]/D
                            (rising edge-triggered cell FDRE clocked by ap_clk  {rise@0.000ns fall@5.000ns period=10.000ns})
  Path Group:             (none)
  Path Type:              Hold (Min at Fast Process Corner)
  Data Path Delay:        0.410ns  (logic 0.000ns (0.000%)  route 0.410ns (100.000%))
  Logic Levels:           0  
  Clock Path Skew:        0.432ns (DCD - SCD - CPR)
    Destination Clock Delay (DCD):    0.432ns
    Source Clock Delay      (SCD):    0.000ns
    Clock Pessimism Removal (CPR):    -0.000ns

    Location             Delay type                Incr(ns)  Path(ns)    Netlist Resource(s)
  -------------------------------------------------------------------    -------------------
                                                      0.000     0.000 r  s_axi_HLS_TREEADD_PERIPH_BUS_awaddr[2] (IN)
                         net (fo=0)                   0.410     0.410    bd_0_i/hls_inst/inst/HLS_TREEADD_PERIPH_BUS_s_axi_U/s_axi_HLS_TREEADD_PERIPH_BUS_AWADDR[0]
    SLICE_X36Y66         FDRE                                         r  bd_0_i/hls_inst/inst/HLS_TREEADD_PERIPH_BUS_s_axi_U/waddr_reg[2]/D
  -------------------------------------------------------------------    -------------------

                         (clock ap_clk rise edge)     0.000     0.000 r  
                                                      0.000     0.000 r  ap_clk (IN)
                         net (fo=442, unset)          0.432     0.432    bd_0_i/hls_inst/inst/HLS_TREEADD_PERIPH_BUS_s_axi_U/ap_clk
    SLICE_X36Y66         FDRE                                         r  bd_0_i/hls_inst/inst/HLS_TREEADD_PERIPH_BUS_s_axi_U/waddr_reg[2]/C

Slack:                    inf
  Source:                 s_axi_HLS_TREEADD_PERIPH_BUS_awaddr[3]
                            (input port)
  Destination:            bd_0_i/hls_inst/inst/HLS_TREEADD_PERIPH_BUS_s_axi_U/waddr_reg[3]/D
                            (rising edge-triggered cell FDRE clocked by ap_clk  {rise@0.000ns fall@5.000ns period=10.000ns})
  Path Group:             (none)
  Path Type:              Hold (Min at Fast Process Corner)
  Data Path Delay:        0.410ns  (logic 0.000ns (0.000%)  route 0.410ns (100.000%))
  Logic Levels:           0  
  Clock Path Skew:        0.432ns (DCD - SCD - CPR)
    Destination Clock Delay (DCD):    0.432ns
    Source Clock Delay      (SCD):    0.000ns
    Clock Pessimism Removal (CPR):    -0.000ns

    Location             Delay type                Incr(ns)  Path(ns)    Netlist Resource(s)
  -------------------------------------------------------------------    -------------------
                                                      0.000     0.000 r  s_axi_HLS_TREEADD_PERIPH_BUS_awaddr[3] (IN)
                         net (fo=0)                   0.410     0.410    bd_0_i/hls_inst/inst/HLS_TREEADD_PERIPH_BUS_s_axi_U/s_axi_HLS_TREEADD_PERIPH_BUS_AWADDR[1]
    SLICE_X37Y66         FDRE                                         r  bd_0_i/hls_inst/inst/HLS_TREEADD_PERIPH_BUS_s_axi_U/waddr_reg[3]/D
  -------------------------------------------------------------------    -------------------

                         (clock ap_clk rise edge)     0.000     0.000 r  
                                                      0.000     0.000 r  ap_clk (IN)
                         net (fo=442, unset)          0.432     0.432    bd_0_i/hls_inst/inst/HLS_TREEADD_PERIPH_BUS_s_axi_U/ap_clk
    SLICE_X37Y66         FDRE                                         r  bd_0_i/hls_inst/inst/HLS_TREEADD_PERIPH_BUS_s_axi_U/waddr_reg[3]/C

Slack:                    inf
  Source:                 s_axi_HLS_TREEADD_PERIPH_BUS_awaddr[4]
                            (input port)
  Destination:            bd_0_i/hls_inst/inst/HLS_TREEADD_PERIPH_BUS_s_axi_U/waddr_reg[4]/D
                            (rising edge-triggered cell FDRE clocked by ap_clk  {rise@0.000ns fall@5.000ns period=10.000ns})
  Path Group:             (none)
  Path Type:              Hold (Min at Fast Process Corner)
  Data Path Delay:        0.410ns  (logic 0.000ns (0.000%)  route 0.410ns (100.000%))
  Logic Levels:           0  
  Clock Path Skew:        0.432ns (DCD - SCD - CPR)
    Destination Clock Delay (DCD):    0.432ns
    Source Clock Delay      (SCD):    0.000ns
    Clock Pessimism Removal (CPR):    -0.000ns

    Location             Delay type                Incr(ns)  Path(ns)    Netlist Resource(s)
  -------------------------------------------------------------------    -------------------
                                                      0.000     0.000 r  s_axi_HLS_TREEADD_PERIPH_BUS_awaddr[4] (IN)
                         net (fo=0)                   0.410     0.410    bd_0_i/hls_inst/inst/HLS_TREEADD_PERIPH_BUS_s_axi_U/s_axi_HLS_TREEADD_PERIPH_BUS_AWADDR[2]
    SLICE_X37Y66         FDRE                                         r  bd_0_i/hls_inst/inst/HLS_TREEADD_PERIPH_BUS_s_axi_U/waddr_reg[4]/D
  -------------------------------------------------------------------    -------------------

                         (clock ap_clk rise edge)     0.000     0.000 r  
                                                      0.000     0.000 r  ap_clk (IN)
                         net (fo=442, unset)          0.432     0.432    bd_0_i/hls_inst/inst/HLS_TREEADD_PERIPH_BUS_s_axi_U/ap_clk
    SLICE_X37Y66         FDRE                                         r  bd_0_i/hls_inst/inst/HLS_TREEADD_PERIPH_BUS_s_axi_U/waddr_reg[4]/C

Slack:                    inf
  Source:                 s_axi_HLS_TREEADD_PERIPH_BUS_awaddr[5]
                            (input port)
  Destination:            bd_0_i/hls_inst/inst/HLS_TREEADD_PERIPH_BUS_s_axi_U/waddr_reg[5]/D
                            (rising edge-triggered cell FDRE clocked by ap_clk  {rise@0.000ns fall@5.000ns period=10.000ns})
  Path Group:             (none)
  Path Type:              Hold (Min at Fast Process Corner)
  Data Path Delay:        0.410ns  (logic 0.000ns (0.000%)  route 0.410ns (100.000%))
  Logic Levels:           0  
  Clock Path Skew:        0.432ns (DCD - SCD - CPR)
    Destination Clock Delay (DCD):    0.432ns
    Source Clock Delay      (SCD):    0.000ns
    Clock Pessimism Removal (CPR):    -0.000ns

    Location             Delay type                Incr(ns)  Path(ns)    Netlist Resource(s)
  -------------------------------------------------------------------    -------------------
                                                      0.000     0.000 r  s_axi_HLS_TREEADD_PERIPH_BUS_awaddr[5] (IN)
                         net (fo=0)                   0.410     0.410    bd_0_i/hls_inst/inst/HLS_TREEADD_PERIPH_BUS_s_axi_U/s_axi_HLS_TREEADD_PERIPH_BUS_AWADDR[3]
    SLICE_X37Y66         FDRE                                         r  bd_0_i/hls_inst/inst/HLS_TREEADD_PERIPH_BUS_s_axi_U/waddr_reg[5]/D
  -------------------------------------------------------------------    -------------------

                         (clock ap_clk rise edge)     0.000     0.000 r  
                                                      0.000     0.000 r  ap_clk (IN)
                         net (fo=442, unset)          0.432     0.432    bd_0_i/hls_inst/inst/HLS_TREEADD_PERIPH_BUS_s_axi_U/ap_clk
    SLICE_X37Y66         FDRE                                         r  bd_0_i/hls_inst/inst/HLS_TREEADD_PERIPH_BUS_s_axi_U/waddr_reg[5]/C

Slack:                    inf
  Source:                 s_axi_HLS_TREEADD_PERIPH_BUS_awaddr[6]
                            (input port)
  Destination:            bd_0_i/hls_inst/inst/HLS_TREEADD_PERIPH_BUS_s_axi_U/waddr_reg[6]/D
                            (rising edge-triggered cell FDRE clocked by ap_clk  {rise@0.000ns fall@5.000ns period=10.000ns})
  Path Group:             (none)
  Path Type:              Hold (Min at Fast Process Corner)
  Data Path Delay:        0.410ns  (logic 0.000ns (0.000%)  route 0.410ns (100.000%))
  Logic Levels:           0  
  Clock Path Skew:        0.432ns (DCD - SCD - CPR)
    Destination Clock Delay (DCD):    0.432ns
    Source Clock Delay      (SCD):    0.000ns
    Clock Pessimism Removal (CPR):    -0.000ns

    Location             Delay type                Incr(ns)  Path(ns)    Netlist Resource(s)
  -------------------------------------------------------------------    -------------------
                                                      0.000     0.000 r  s_axi_HLS_TREEADD_PERIPH_BUS_awaddr[6] (IN)
                         net (fo=0)                   0.410     0.410    bd_0_i/hls_inst/inst/HLS_TREEADD_PERIPH_BUS_s_axi_U/s_axi_HLS_TREEADD_PERIPH_BUS_AWADDR[4]
    SLICE_X37Y66         FDRE                                         r  bd_0_i/hls_inst/inst/HLS_TREEADD_PERIPH_BUS_s_axi_U/waddr_reg[6]/D
  -------------------------------------------------------------------    -------------------

                         (clock ap_clk rise edge)     0.000     0.000 r  
                                                      0.000     0.000 r  ap_clk (IN)
                         net (fo=442, unset)          0.432     0.432    bd_0_i/hls_inst/inst/HLS_TREEADD_PERIPH_BUS_s_axi_U/ap_clk
    SLICE_X37Y66         FDRE                                         r  bd_0_i/hls_inst/inst/HLS_TREEADD_PERIPH_BUS_s_axi_U/waddr_reg[6]/C

Slack:                    inf
  Source:                 s_axi_HLS_TREEADD_PERIPH_BUS_arvalid
                            (input port)
  Destination:            bd_0_i/hls_inst/inst/HLS_TREEADD_PERIPH_BUS_s_axi_U/FSM_onehot_rstate_reg[2]/D
                            (rising edge-triggered cell FDRE clocked by ap_clk  {rise@0.000ns fall@5.000ns period=10.000ns})
  Path Group:             (none)
  Path Type:              Hold (Min at Fast Process Corner)
  Data Path Delay:        0.454ns  (logic 0.044ns (9.689%)  route 0.410ns (90.311%))
  Logic Levels:           1  (LUT4=1)
  Clock Path Skew:        0.432ns (DCD - SCD - CPR)
    Destination Clock Delay (DCD):    0.432ns
    Source Clock Delay      (SCD):    0.000ns
    Clock Pessimism Removal (CPR):    -0.000ns

    Location             Delay type                Incr(ns)  Path(ns)    Netlist Resource(s)
  -------------------------------------------------------------------    -------------------
                                                      0.000     0.000 r  s_axi_HLS_TREEADD_PERIPH_BUS_arvalid (IN)
                         net (fo=4, unset)            0.410     0.410    bd_0_i/hls_inst/inst/HLS_TREEADD_PERIPH_BUS_s_axi_U/s_axi_HLS_TREEADD_PERIPH_BUS_ARVALID
    SLICE_X48Y77         LUT4 (Prop_lut4_I0_O)        0.044     0.454 r  bd_0_i/hls_inst/inst/HLS_TREEADD_PERIPH_BUS_s_axi_U/FSM_onehot_rstate[2]_i_1/O
                         net (fo=1, routed)           0.000     0.454    bd_0_i/hls_inst/inst/HLS_TREEADD_PERIPH_BUS_s_axi_U/FSM_onehot_rstate[2]_i_1_n_0
    SLICE_X48Y77         FDRE                                         r  bd_0_i/hls_inst/inst/HLS_TREEADD_PERIPH_BUS_s_axi_U/FSM_onehot_rstate_reg[2]/D
  -------------------------------------------------------------------    -------------------

                         (clock ap_clk rise edge)     0.000     0.000 r  
                                                      0.000     0.000 r  ap_clk (IN)
                         net (fo=442, unset)          0.432     0.432    bd_0_i/hls_inst/inst/HLS_TREEADD_PERIPH_BUS_s_axi_U/ap_clk
    SLICE_X48Y77         FDRE                                         r  bd_0_i/hls_inst/inst/HLS_TREEADD_PERIPH_BUS_s_axi_U/FSM_onehot_rstate_reg[2]/C

Slack:                    inf
  Source:                 s_axi_HLS_TREEADD_PERIPH_BUS_wdata[13]
                            (input port)
  Destination:            bd_0_i/hls_inst/inst/HLS_TREEADD_PERIPH_BUS_s_axi_U/int_a_reg[13]/D
                            (rising edge-triggered cell FDRE clocked by ap_clk  {rise@0.000ns fall@5.000ns period=10.000ns})
  Path Group:             (none)
  Path Type:              Hold (Min at Fast Process Corner)
  Data Path Delay:        0.454ns  (logic 0.044ns (9.689%)  route 0.410ns (90.311%))
  Logic Levels:           1  (LUT3=1)
  Clock Path Skew:        0.432ns (DCD - SCD - CPR)
    Destination Clock Delay (DCD):    0.432ns
    Source Clock Delay      (SCD):    0.000ns
    Clock Pessimism Removal (CPR):    -0.000ns

    Location             Delay type                Incr(ns)  Path(ns)    Netlist Resource(s)
  -------------------------------------------------------------------    -------------------
                                                      0.000     0.000 r  s_axi_HLS_TREEADD_PERIPH_BUS_wdata[13] (IN)
                         net (fo=7, unset)            0.410     0.410    bd_0_i/hls_inst/inst/HLS_TREEADD_PERIPH_BUS_s_axi_U/s_axi_HLS_TREEADD_PERIPH_BUS_WDATA[13]
    SLICE_X39Y69         LUT3 (Prop_lut3_I0_O)        0.044     0.454 r  bd_0_i/hls_inst/inst/HLS_TREEADD_PERIPH_BUS_s_axi_U/int_a[13]_i_1/O
                         net (fo=1, routed)           0.000     0.454    bd_0_i/hls_inst/inst/HLS_TREEADD_PERIPH_BUS_s_axi_U/int_a0[13]
    SLICE_X39Y69         FDRE                                         r  bd_0_i/hls_inst/inst/HLS_TREEADD_PERIPH_BUS_s_axi_U/int_a_reg[13]/D
  -------------------------------------------------------------------    -------------------

                         (clock ap_clk rise edge)     0.000     0.000 r  
                                                      0.000     0.000 r  ap_clk (IN)
                         net (fo=442, unset)          0.432     0.432    bd_0_i/hls_inst/inst/HLS_TREEADD_PERIPH_BUS_s_axi_U/ap_clk
    SLICE_X39Y69         FDRE                                         r  bd_0_i/hls_inst/inst/HLS_TREEADD_PERIPH_BUS_s_axi_U/int_a_reg[13]/C

Slack:                    inf
  Source:                 s_axi_HLS_TREEADD_PERIPH_BUS_wdata[15]
                            (input port)
  Destination:            bd_0_i/hls_inst/inst/HLS_TREEADD_PERIPH_BUS_s_axi_U/int_a_reg[15]/D
                            (rising edge-triggered cell FDRE clocked by ap_clk  {rise@0.000ns fall@5.000ns period=10.000ns})
  Path Group:             (none)
  Path Type:              Hold (Min at Fast Process Corner)
  Data Path Delay:        0.454ns  (logic 0.044ns (9.689%)  route 0.410ns (90.311%))
  Logic Levels:           1  (LUT3=1)
  Clock Path Skew:        0.432ns (DCD - SCD - CPR)
    Destination Clock Delay (DCD):    0.432ns
    Source Clock Delay      (SCD):    0.000ns
    Clock Pessimism Removal (CPR):    -0.000ns

    Location             Delay type                Incr(ns)  Path(ns)    Netlist Resource(s)
  -------------------------------------------------------------------    -------------------
                                                      0.000     0.000 r  s_axi_HLS_TREEADD_PERIPH_BUS_wdata[15] (IN)
                         net (fo=7, unset)            0.410     0.410    bd_0_i/hls_inst/inst/HLS_TREEADD_PERIPH_BUS_s_axi_U/s_axi_HLS_TREEADD_PERIPH_BUS_WDATA[15]
    SLICE_X38Y72         LUT3 (Prop_lut3_I0_O)        0.044     0.454 r  bd_0_i/hls_inst/inst/HLS_TREEADD_PERIPH_BUS_s_axi_U/int_a[15]_i_1/O
                         net (fo=1, routed)           0.000     0.454    bd_0_i/hls_inst/inst/HLS_TREEADD_PERIPH_BUS_s_axi_U/int_a0[15]
    SLICE_X38Y72         FDRE                                         r  bd_0_i/hls_inst/inst/HLS_TREEADD_PERIPH_BUS_s_axi_U/int_a_reg[15]/D
  -------------------------------------------------------------------    -------------------

                         (clock ap_clk rise edge)     0.000     0.000 r  
                                                      0.000     0.000 r  ap_clk (IN)
                         net (fo=442, unset)          0.432     0.432    bd_0_i/hls_inst/inst/HLS_TREEADD_PERIPH_BUS_s_axi_U/ap_clk
    SLICE_X38Y72         FDRE                                         r  bd_0_i/hls_inst/inst/HLS_TREEADD_PERIPH_BUS_s_axi_U/int_a_reg[15]/C

Slack:                    inf
  Source:                 s_axi_HLS_TREEADD_PERIPH_BUS_wdata[17]
                            (input port)
  Destination:            bd_0_i/hls_inst/inst/HLS_TREEADD_PERIPH_BUS_s_axi_U/int_a_reg[17]/D
                            (rising edge-triggered cell FDRE clocked by ap_clk  {rise@0.000ns fall@5.000ns period=10.000ns})
  Path Group:             (none)
  Path Type:              Hold (Min at Fast Process Corner)
  Data Path Delay:        0.454ns  (logic 0.044ns (9.689%)  route 0.410ns (90.311%))
  Logic Levels:           1  (LUT3=1)
  Clock Path Skew:        0.432ns (DCD - SCD - CPR)
    Destination Clock Delay (DCD):    0.432ns
    Source Clock Delay      (SCD):    0.000ns
    Clock Pessimism Removal (CPR):    -0.000ns

    Location             Delay type                Incr(ns)  Path(ns)    Netlist Resource(s)
  -------------------------------------------------------------------    -------------------
                                                      0.000     0.000 r  s_axi_HLS_TREEADD_PERIPH_BUS_wdata[17] (IN)
                         net (fo=7, unset)            0.410     0.410    bd_0_i/hls_inst/inst/HLS_TREEADD_PERIPH_BUS_s_axi_U/s_axi_HLS_TREEADD_PERIPH_BUS_WDATA[17]
    SLICE_X43Y75         LUT3 (Prop_lut3_I0_O)        0.044     0.454 r  bd_0_i/hls_inst/inst/HLS_TREEADD_PERIPH_BUS_s_axi_U/int_a[17]_i_1/O
                         net (fo=1, routed)           0.000     0.454    bd_0_i/hls_inst/inst/HLS_TREEADD_PERIPH_BUS_s_axi_U/int_a0[17]
    SLICE_X43Y75         FDRE                                         r  bd_0_i/hls_inst/inst/HLS_TREEADD_PERIPH_BUS_s_axi_U/int_a_reg[17]/D
  -------------------------------------------------------------------    -------------------

                         (clock ap_clk rise edge)     0.000     0.000 r  
                                                      0.000     0.000 r  ap_clk (IN)
                         net (fo=442, unset)          0.432     0.432    bd_0_i/hls_inst/inst/HLS_TREEADD_PERIPH_BUS_s_axi_U/ap_clk
    SLICE_X43Y75         FDRE                                         r  bd_0_i/hls_inst/inst/HLS_TREEADD_PERIPH_BUS_s_axi_U/int_a_reg[17]/C

Slack:                    inf
  Source:                 s_axi_HLS_TREEADD_PERIPH_BUS_wdata[1]
                            (input port)
  Destination:            bd_0_i/hls_inst/inst/HLS_TREEADD_PERIPH_BUS_s_axi_U/int_a_reg[1]/D
                            (rising edge-triggered cell FDRE clocked by ap_clk  {rise@0.000ns fall@5.000ns period=10.000ns})
  Path Group:             (none)
  Path Type:              Hold (Min at Fast Process Corner)
  Data Path Delay:        0.454ns  (logic 0.044ns (9.689%)  route 0.410ns (90.311%))
  Logic Levels:           1  (LUT3=1)
  Clock Path Skew:        0.432ns (DCD - SCD - CPR)
    Destination Clock Delay (DCD):    0.432ns
    Source Clock Delay      (SCD):    0.000ns
    Clock Pessimism Removal (CPR):    -0.000ns

    Location             Delay type                Incr(ns)  Path(ns)    Netlist Resource(s)
  -------------------------------------------------------------------    -------------------
                                                      0.000     0.000 r  s_axi_HLS_TREEADD_PERIPH_BUS_wdata[1] (IN)
                         net (fo=9, unset)            0.410     0.410    bd_0_i/hls_inst/inst/HLS_TREEADD_PERIPH_BUS_s_axi_U/s_axi_HLS_TREEADD_PERIPH_BUS_WDATA[1]
    SLICE_X39Y69         LUT3 (Prop_lut3_I0_O)        0.044     0.454 r  bd_0_i/hls_inst/inst/HLS_TREEADD_PERIPH_BUS_s_axi_U/int_a[1]_i_1/O
                         net (fo=1, routed)           0.000     0.454    bd_0_i/hls_inst/inst/HLS_TREEADD_PERIPH_BUS_s_axi_U/int_a0[1]
    SLICE_X39Y69         FDRE                                         r  bd_0_i/hls_inst/inst/HLS_TREEADD_PERIPH_BUS_s_axi_U/int_a_reg[1]/D
  -------------------------------------------------------------------    -------------------

                         (clock ap_clk rise edge)     0.000     0.000 r  
                                                      0.000     0.000 r  ap_clk (IN)
                         net (fo=442, unset)          0.432     0.432    bd_0_i/hls_inst/inst/HLS_TREEADD_PERIPH_BUS_s_axi_U/ap_clk
    SLICE_X39Y69         FDRE                                         r  bd_0_i/hls_inst/inst/HLS_TREEADD_PERIPH_BUS_s_axi_U/int_a_reg[1]/C





